t_center,regime,regime_name,offline_static_f1,offline_periodic_f1,online_adaptive_f1,config
8765,1,R1 latency regression,0.5106382978723404,0.5106382978723404,0.7857142857142857,C1
9015,1,R1 latency regression,0.36923076923076925,0.36923076923076925,0.7865168539325843,C1
9265,1,R1 latency regression,0.28225806451612906,0.5116279069767442,0.7714285714285715,C1
9515,1,R1 latency regression,0.23045267489711935,0.42857142857142855,0.6938775510204082,C1
9765,1,R1 latency regression,0.34108527131782945,0.7865168539325843,0.8470588235294118,C1
10015,1,R1 latency regression,0.4229390681003584,0.8421052631578947,0.864406779661017,C1
10265,1,R1 latency regression,0.6377708978328174,0.8888888888888888,0.851063829787234,C1
10515,1,R1 latency regression,0.3516483516483517,0.7708333333333334,0.7021276595744681,C1
10765,1,R1 latency regression,0.23868312757201646,0.9,0.6909090909090909,C1
11015,1,R1 latency regression,0.0,0.0,0.0,C1
11265,1,R1 latency regression,0.19574468085106383,0.851063829787234,0.6,C1
11515,1,R1 latency regression,0.19834710743801653,0.9565217391304348,0.8260869565217391,C1
11765,1,R1 latency regression,0.2938775510204082,0.78125,0.7761194029850746,C1
12015,1,R1 latency regression,0.5448717948717948,0.925,0.84,C1
12265,1,R1 latency regression,0.3448275862068966,0.9111111111111111,0.8444444444444444,C1
12515,1,R1 latency regression,0.37209302325581395,0.9347826086956522,0.8222222222222222,C1
12765,1,R1 latency regression,0.09302325581395349,0.6923076923076923,0.5714285714285714,C1
13015,1,R1 latency regression,0.37065637065637064,0.8602150537634409,0.8,C1
13265,1,R1 latency regression,0.20689655172413793,0.9166666666666666,0.8260869565217391,C1
13515,1,R1 latency regression,0.2928870292887029,0.9117647058823529,0.8059701492537313,C1
13765,1,R1 latency regression,0.308300395256917,0.8860759493670886,0.7837837837837838,C1
14015,1,R1 latency regression,0.35019455252918286,0.9411764705882353,0.8604651162790697,C1
14265,1,R1 latency regression,0.056074766355140186,0.46153846153846156,0.36363636363636365,C1
14515,1,R1 latency regression,0.373134328358209,0.8817204301075269,0.8089887640449438,C1
14765,1,R1 latency regression,0.5980707395498392,0.9080459770114943,0.8022598870056498,C1
15015,1,R1 latency regression,0.49146757679180886,0.8840579710144928,0.7913669064748201,C1
15265,1,R1 latency regression,0.24242424242424243,0.8620689655172413,0.6875,C1
15515,1,R1 latency regression,0.2096069868995633,0.8163265306122449,0.6842105263157895,C1
15765,1,R1 latency regression,0.1095890410958904,0.7586206896551724,0.7619047619047619,C1
16015,1,R1 latency regression,0.14349775784753363,0.7857142857142857,0.72,C1
16265,1,R1 latency regression,0.304,0.8450704225352113,0.7323943661971831,C1
16515,1,R1 latency regression,0.04830917874396135,0.6666666666666666,0.8,C1
16765,1,R1 latency regression,0.19827586206896552,0.84,0.9333333333333333,C1
17015,1,R1 latency regression,0.4542124542124542,0.8852459016393442,0.7964601769911505,C1
17265,1,R1 latency regression,0.24444444444444444,0.5964912280701754,0.7906976744186046,C1
17515,2,R2 scale-out,0.6829268292682927,0.6622516556291391,0.8493150684931506,C1
17765,2,R2 scale-out,0.4605263157894737,0.8831168831168831,0.88,C1
18015,2,R2 scale-out,0.5207100591715976,0.7532467532467533,0.7586206896551724,C1
18265,2,R2 scale-out,0.7255813953488373,0.8029197080291971,0.8322147651006712,C1
18515,2,R2 scale-out,0.6310679611650486,0.8,0.8,C1
18765,2,R2 scale-out,0.1651376146788991,0.8888888888888888,0.6,C1
19015,2,R2 scale-out,0.3484848484848485,0.7692307692307693,0.8,C1
19265,2,R2 scale-out,0.5542168674698795,0.8333333333333334,0.8604651162790697,C1
19515,2,R2 scale-out,0.6666666666666666,0.8689655172413793,0.8783783783783784,C1
19765,2,R2 scale-out,0.5,0.8108108108108109,0.7123287671232876,C1
20015,2,R2 scale-out,0.0,0.0,0.0,C1
20265,2,R2 scale-out,0.6703910614525139,0.9243697478991597,0.8596491228070176,C1
20515,2,R2 scale-out,0.6161137440758294,0.9411764705882353,0.8549618320610687,C1
20765,2,R2 scale-out,0.4594594594594595,0.8923076923076924,0.7352941176470589,C1
21015,2,R2 scale-out,0.0,0.0,0.0,C1
21265,2,R2 scale-out,0.4563758389261745,0.8484848484848485,0.8064516129032258,C1
21515,2,R2 scale-out,0.0,0.0,0.0,C1
21765,2,R2 scale-out,0.6192893401015228,0.9180327868852459,0.8429752066115702,C1
22015,2,R2 scale-out,0.31666666666666665,0.8888888888888888,0.8292682926829268,C1
22265,2,R2 scale-out,0.6256983240223464,0.9090909090909091,0.8521739130434782,C1
22515,2,R2 scale-out,0.16494845360824742,0.8421052631578947,0.7058823529411765,C1
22765,2,R2 scale-out,0.5068493150684932,0.8767123287671232,0.7792207792207793,C1
23015,2,R2 scale-out,0.75,0.9634146341463414,0.9341317365269461,C1
23265,2,R2 scale-out,0.30158730158730157,0.9,0.7647058823529411,C1
23515,2,R2 scale-out,0.4697986577181208,0.8732394366197183,0.85,C1
23765,2,R2 scale-out,0.6346153846153846,0.7967479674796748,0.7230769230769231,C1
24015,2,R2 scale-out,0.0,0.0,0.0,C1
24265,2,R2 scale-out,0.0,0.0,0.0,C1
24515,2,R2 scale-out,0.7032967032967034,0.864406779661017,0.8235294117647058,C1
24765,2,R2 scale-out,0.45112781954887216,0.9310344827586207,0.819672131147541,C1
25015,2,R2 scale-out,0.0,0.0,0.0,C1
25265,2,R2 scale-out,0.6696428571428571,0.9066666666666666,0.8345323741007195,C1
25515,2,R2 scale-out,0.460431654676259,0.9032258064516129,0.9090909090909091,C1
25765,2,R2 scale-out,0.3880597014925373,0.9811320754716981,0.7659574468085106,C1
26015,3,R3 combined load,0.4,0.4666666666666667,0.8076923076923077,C1
26265,3,R3 combined load,0.39087947882736157,0.864406779661017,0.8695652173913043,C1
26515,3,R3 combined load,0.38688524590163936,0.864406779661017,0.875,C1
26765,3,R3 combined load,0.2589928057553957,0.8648648648648649,0.8285714285714286,C1
27015,3,R3 combined load,0.3219178082191781,0.8043478260869565,0.7816091954022989,C1
27265,3,R3 combined load,0.33447098976109213,0.912621359223301,0.8936170212765957,C1
27515,3,R3 combined load,0.17843866171003717,0.8214285714285714,0.9130434782608695,C1
27765,3,R3 combined load,0.4380952380952381,0.8939393939393939,0.8412698412698413,C1
28015,3,R3 combined load,0.41423948220064727,0.7652173913043478,0.7833333333333333,C1
28265,3,R3 combined load,0.44025157232704404,0.9323308270676691,0.8787878787878788,C1
28515,3,R3 combined load,0.5925925925925926,0.9230769230769231,0.8601036269430051,C1
28765,3,R3 combined load,0.20817843866171004,0.9122807017543859,0.7457627118644068,C1
29015,3,R3 combined load,0.0,0.0,0.0,C1
29265,3,R3 combined load,0.2937062937062937,0.8941176470588236,0.7567567567567568,C1
29515,3,R3 combined load,0.509090909090909,0.9,0.7808219178082192,C1
29765,3,R3 combined load,0.46794871794871795,0.8740740740740741,0.8489208633093526,C1
30015,3,R3 combined load,0.432258064516129,0.8818897637795275,0.7692307692307693,C1
30265,3,R3 combined load,0.1647940074906367,0.9166666666666666,0.9130434782608695,C1
30515,3,R3 combined load,0.0,0.0,0.0,C1
30765,3,R3 combined load,0.0,0.0,0.0,C1
31015,3,R3 combined load,0.1791044776119403,0.8,0.6,C1
31265,3,R3 combined load,0.12355212355212356,0.8235294117647058,0.7857142857142857,C1
31515,3,R3 combined load,0.4230769230769231,0.9090909090909091,0.8360655737704918,C1
31765,3,R3 combined load,0.1444866920152091,0.8125,0.5714285714285714,C1
32015,3,R3 combined load,0.3696369636963696,0.86,0.7924528301886793,C1
32265,3,R3 combined load,0.29473684210526313,0.8148148148148148,0.6376811594202898,C1
32515,3,R3 combined load,0.6136363636363636,0.9253731343283582,0.8720379146919431,C1
32765,3,R3 combined load,0.4090909090909091,0.8888888888888888,0.8062015503875969,C1
33015,3,R3 combined load,0.15849056603773584,0.9523809523809523,0.9230769230769231,C1
33265,3,R3 combined load,0.2271062271062271,0.8928571428571429,0.7636363636363637,C1
33515,3,R3 combined load,0.49079754601226994,0.863013698630137,0.8266666666666667,C1
33765,3,R3 combined load,0.1791044776119403,0.8235294117647058,0.7555555555555555,C1
34015,3,R3 combined load,0.2916666666666667,0.8717948717948718,0.6944444444444444,C1
34265,3,R3 combined load,0.5389221556886228,0.9497206703910615,0.9325842696629213,C1
34475,3,R3 combined load,0.3582089552238806,0.9444444444444444,0.7878787878787878,C1
8765,1,R1 latency regression,0.5106382978723404,0.5106382978723404,0.8201438848920863,C2
9015,1,R1 latency regression,0.37209302325581395,0.37209302325581395,0.7954545454545454,C2
9265,1,R1 latency regression,0.28112449799196787,0.5555555555555556,0.7714285714285715,C2
9515,1,R1 latency regression,0.23770491803278687,0.46017699115044247,0.6938775510204082,C2
9765,1,R1 latency regression,0.3424124513618677,0.8888888888888888,0.8863636363636364,C2
10015,1,R1 latency regression,0.4229390681003584,0.9122807017543859,0.8547008547008547,C2
10265,1,R1 latency regression,0.6377708978328174,0.900523560209424,0.8387096774193549,C2
10515,1,R1 latency regression,0.35036496350364965,0.7916666666666666,0.7916666666666666,C2
10765,1,R1 latency regression,0.23770491803278687,0.8852459016393442,0.7142857142857143,C2
11015,1,R1 latency regression,0.0,0.0,0.0,C2
11265,1,R1 latency regression,0.1940928270042194,0.8444444444444444,0.6829268292682927,C2
11515,1,R1 latency regression,0.19834710743801653,0.9361702127659575,0.8837209302325582,C2
11765,1,R1 latency regression,0.2962962962962963,0.7692307692307693,0.78125,C2
12015,1,R1 latency regression,0.5414012738853503,0.9382716049382716,0.8152866242038217,C2
12265,1,R1 latency regression,0.3409090909090909,0.9213483146067416,0.8085106382978723,C2
12515,1,R1 latency regression,0.37209302325581395,0.9230769230769231,0.8,C2
12765,1,R1 latency regression,0.11059907834101383,0.7857142857142857,0.6666666666666666,C2
13015,1,R1 latency regression,0.367816091954023,0.8695652173913043,0.7912087912087912,C2
13265,1,R1 latency regression,0.21052631578947367,0.9361702127659575,0.7317073170731707,C2
13515,1,R1 latency regression,0.2916666666666667,0.9253731343283582,0.8235294117647058,C2
13765,1,R1 latency regression,0.30708661417322836,0.9090909090909091,0.8051948051948052,C2
14015,1,R1 latency regression,0.35019455252918286,0.9534883720930233,0.8539325842696629,C2
14265,1,R1 latency regression,0.05581395348837209,0.46153846153846156,0.36363636363636365,C2
14515,1,R1 latency regression,0.37453183520599254,0.8817204301075269,0.8,C2
14765,1,R1 latency regression,0.6,0.9090909090909091,0.8275862068965517,C2
15015,1,R1 latency regression,0.5,0.9078014184397163,0.8551724137931035,C2
15265,1,R1 latency regression,0.2413793103448276,0.8620689655172413,0.8363636363636363,C2
15515,1,R1 latency regression,0.20869565217391303,0.7755102040816326,0.7619047619047619,C2
15765,1,R1 latency regression,0.10909090909090909,0.7857142857142857,0.8181818181818182,C2
16015,1,R1 latency regression,0.14479638009049775,0.896551724137931,0.72,C2
16265,1,R1 latency regression,0.30278884462151395,0.8611111111111112,0.8,C2
16515,1,R1 latency regression,0.04854368932038835,0.6666666666666666,0.8333333333333334,C2
16765,1,R1 latency regression,0.19913419913419914,0.875,0.9090909090909091,C2
17015,1,R1 latency regression,0.46153846153846156,0.9105691056910569,0.7747747747747747,C2
17265,1,R1 latency regression,0.24864864864864866,0.5352112676056338,0.7272727272727273,C2
17515,2,R2 scale-out,0.6889952153110048,0.6666666666666666,0.9139072847682119,C2
17765,2,R2 scale-out,0.4533333333333333,0.918918918918919,0.8947368421052632,C2
18015,2,R2 scale-out,0.5176470588235295,0.8148148148148148,0.7777777777777778,C2
18265,2,R2 scale-out,0.7155963302752294,0.8,0.8333333333333334,C2
18515,2,R2 scale-out,0.6372549019607843,0.8,0.848,C2
18765,2,R2 scale-out,0.16216216216216217,0.8421052631578947,0.6956521739130435,C2
19015,2,R2 scale-out,0.34328358208955223,0.7692307692307693,0.7317073170731707,C2
19265,2,R2 scale-out,0.5542168674698795,0.8095238095238095,0.8372093023255814,C2
19515,2,R2 scale-out,0.6818181818181818,0.8827586206896552,0.8947368421052632,C2
19765,2,R2 scale-out,0.48717948717948717,0.8421052631578947,0.7567567567567568,C2
20015,2,R2 scale-out,0.0,0.0,0.0,C2
20265,2,R2 scale-out,0.6666666666666666,0.9230769230769231,0.8596491228070176,C2
20515,2,R2 scale-out,0.6355140186915887,0.9645390070921985,0.8905109489051095,C2
20765,2,R2 scale-out,0.4666666666666667,0.8923076923076924,0.7619047619047619,C2
21015,2,R2 scale-out,0.0,0.0,0.0,C2
21265,2,R2 scale-out,0.4666666666666667,0.927536231884058,0.8307692307692308,C2
21515,2,R2 scale-out,0.0,0.0,0.0,C2
21765,2,R2 scale-out,0.6428571428571429,0.9105691056910569,0.8739495798319328,C2
22015,2,R2 scale-out,0.3064516129032258,0.8888888888888888,0.9,C2
22265,2,R2 scale-out,0.625,0.918918918918919,0.9026548672566371,C2
22515,2,R2 scale-out,0.16666666666666666,0.8888888888888888,0.9333333333333333,C2
22765,2,R2 scale-out,0.5068493150684932,0.8732394366197183,0.7466666666666667,C2
23015,2,R2 scale-out,0.7466666666666667,0.9570552147239264,0.9341317365269461,C2
23265,2,R2 scale-out,0.30303030303030304,0.926829268292683,0.8648648648648649,C2
23515,2,R2 scale-out,0.4533333333333333,0.9066666666666666,0.875,C2
23765,2,R2 scale-out,0.6473429951690821,0.8225806451612904,0.803030303030303,C2
24015,2,R2 scale-out,0.0,0.0,0.0,C2
24265,2,R2 scale-out,0.0,0.0,0.0,C2
24515,2,R2 scale-out,0.7032967032967034,0.864406779661017,0.7966101694915254,C2
24765,2,R2 scale-out,0.4411764705882353,0.9152542372881356,0.7936507936507936,C2
25015,2,R2 scale-out,0.0,0.0,0.0,C2
25265,2,R2 scale-out,0.6818181818181818,0.9006622516556292,0.8714285714285714,C2
25515,2,R2 scale-out,0.45390070921985815,0.9032258064516129,0.8787878787878788,C2
25765,2,R2 scale-out,0.38235294117647056,0.9615384615384616,0.7346938775510204,C2
26015,3,R3 combined load,0.4014084507042254,0.47058823529411764,0.8490566037735849,C2
26265,3,R3 combined load,0.39087947882736157,0.8688524590163934,0.8717948717948718,C2
26515,3,R3 combined load,0.39344262295081966,0.8992248062015504,0.8521739130434782,C2
26765,3,R3 combined load,0.2527075812274368,0.8421052631578947,0.8732394366197183,C2
27015,3,R3 combined load,0.3197278911564626,0.8131868131868132,0.7777777777777778,C2
27265,3,R3 combined load,0.3356164383561644,0.9038461538461539,0.8842105263157894,C2
27515,3,R3 combined load,0.1791044776119403,0.8518518518518519,0.9090909090909091,C2
27765,3,R3 combined load,0.4380952380952381,0.8854961832061069,0.8225806451612904,C2
28015,3,R3 combined load,0.4129032258064516,0.8034188034188035,0.819672131147541,C2
28265,3,R3 combined load,0.4416403785488959,0.9323308270676691,0.8571428571428571,C2
28515,3,R3 combined load,0.5925925925925926,0.93,0.8730964467005076,C2
28765,3,R3 combined load,0.208955223880597,0.8571428571428571,0.6666666666666666,C2
29015,3,R3 combined load,0.0,0.0,0.0,C2
29265,3,R3 combined load,0.29473684210526313,0.9285714285714286,0.7848101265822784,C2
29515,3,R3 combined load,0.509090909090909,0.9202453987730062,0.7866666666666666,C2
29765,3,R3 combined load,0.46645367412140576,0.8905109489051095,0.8714285714285714,C2
30015,3,R3 combined load,0.432258064516129,0.9133858267716536,0.8217054263565892,C2
30265,3,R3 combined load,0.16541353383458646,0.8936170212765957,0.9130434782608695,C2
30515,3,R3 combined load,0.0,0.0,0.0,C2
30765,3,R3 combined load,0.0,0.0,0.0,C2
31015,3,R3 combined load,0.18045112781954886,0.7906976744186046,0.65,C2
31265,3,R3 combined load,0.12355212355212356,0.8484848484848485,0.7741935483870968,C2
31515,3,R3 combined load,0.42443729903536975,0.916030534351145,0.8455284552845529,C2
31765,3,R3 combined load,0.1444866920152091,0.8125,0.6451612903225806,C2
32015,3,R3 combined load,0.3708609271523179,0.8367346938775511,0.780952380952381,C2
32265,3,R3 combined load,0.29473684210526313,0.825,0.6363636363636364,C2
32515,3,R3 combined load,0.6096866096866097,0.9359605911330049,0.863849765258216,C2
32765,3,R3 combined load,0.41042345276872966,0.9152542372881356,0.8188976377952756,C2
33015,3,R3 combined load,0.15849056603773584,0.9523809523809523,0.8837209302325582,C2
33265,3,R3 combined load,0.2271062271062271,0.896551724137931,0.7857142857142857,C2
33515,3,R3 combined load,0.49079754601226994,0.8904109589041096,0.864516129032258,C2
33765,3,R3 combined load,0.1797752808988764,0.8235294117647058,0.7391304347826086,C2
34015,3,R3 combined load,0.2937062937062937,0.9512195121951219,0.8051948051948052,C2
34265,3,R3 combined load,0.5389221556886228,0.9545454545454546,0.9204545454545454,C2
34475,3,R3 combined load,0.36363636363636365,0.9295774647887324,0.8235294117647058,C2
8765,1,R1 latency regression,0.48,0.48,0.9583333333333334,C3
9015,1,R1 latency regression,0.34782608695652173,0.34782608695652173,0.9791666666666666,C3
9265,1,R1 latency regression,0.2631578947368421,0.6306306306306306,0.9552238805970149,C3
9515,1,R1 latency regression,0.23107569721115537,0.6373626373626373,0.9666666666666667,C3
9765,1,R1 latency regression,0.3271375464684015,0.9565217391304348,1.0,C3
10015,1,R1 latency regression,0.40816326530612246,0.96,0.9655172413793104,C3
10265,1,R1 latency regression,0.6130952380952381,0.9951219512195122,0.9852216748768473,C3
10515,1,R1 latency regression,0.3404255319148936,0.9591836734693877,0.9690721649484536,C3
10765,1,R1 latency regression,0.22568093385214008,0.9666666666666667,0.9473684210526315,C3
11015,1,R1 latency regression,0.0,0.0,0.0,C3
11265,1,R1 latency regression,0.192,0.9795918367346939,0.9361702127659575,C3
11515,1,R1 latency regression,0.192,0.9795918367346939,0.9565217391304348,C3
11765,1,R1 latency regression,0.2900763358778626,0.958904109589041,0.958904109589041,C3
12015,1,R1 latency regression,0.5329153605015674,1.0,0.9820359281437125,C3
12265,1,R1 latency regression,0.33210332103321033,0.9777777777777777,0.9662921348314607,C3
12515,1,R1 latency regression,0.34532374100719426,0.9896907216494846,1.0,C3
12765,1,R1 latency regression,0.10344827586206896,0.96,0.96,C3
13015,1,R1 latency regression,0.3516483516483517,1.0,0.9791666666666666,C3
13265,1,R1 latency regression,0.19433198380566802,1.0,1.0,C3
13515,1,R1 latency regression,0.2727272727272727,1.0,0.9714285714285714,C3
13765,1,R1 latency regression,0.291044776119403,1.0,0.987012987012987,C3
14015,1,R1 latency regression,0.32967032967032966,0.9887640449438202,0.9887640449438202,C3
14265,1,R1 latency regression,0.05309734513274336,1.0,0.9230769230769231,C3
14515,1,R1 latency regression,0.36042402826855124,0.9696969696969697,0.9591836734693877,C3
14765,1,R1 latency regression,0.573170731707317,0.9893617021276596,0.9732620320855615,C3
15015,1,R1 latency regression,0.4866666666666667,0.9861111111111112,0.958904109589041,C3
15265,1,R1 latency regression,0.224,0.9824561403508771,1.0,C3
15515,1,R1 latency regression,0.192,0.9387755102040817,0.9787234042553191,C3
15765,1,R1 latency regression,0.10126582278481013,1.0,1.0,C3
16015,1,R1 latency regression,0.13617021276595745,0.967741935483871,0.967741935483871,C3
16265,1,R1 latency regression,0.3,0.987012987012987,0.961038961038961,C3
16515,1,R1 latency regression,0.044444444444444446,1.0,1.0,C3
16765,1,R1 latency regression,0.18972332015810275,0.96,0.9787234042553191,C3
17015,1,R1 latency regression,0.4271186440677966,0.9841269841269841,0.9672131147540983,C3
17265,1,R1 latency regression,0.27380952380952384,0.9777777777777777,0.9333333333333333,C3
17515,2,R2 scale-out,0.7839195979899497,0.8529411764705882,0.9803921568627451,C3
17765,2,R2 scale-out,0.6060606060606061,0.9333333333333333,0.9620253164556962,C3
18015,2,R2 scale-out,0.6527777777777778,0.9069767441860465,0.989247311827957,C3
18265,2,R2 scale-out,0.7596153846153846,0.9403973509933775,0.9620253164556962,C3
18515,2,R2 scale-out,0.73224043715847,0.9774436090225563,0.9629629629629629,C3
18765,2,R2 scale-out,0.23684210526315788,0.9473684210526315,1.0,C3
19015,2,R2 scale-out,0.4247787610619469,1.0,1.0,C3
19265,2,R2 scale-out,0.6666666666666666,0.9690721649484536,0.9791666666666666,C3
19515,2,R2 scale-out,0.7647058823529411,0.9803921568627451,0.974025974025974,C3
19765,2,R2 scale-out,0.5734265734265734,0.975,0.9620253164556962,C3
20015,2,R2 scale-out,0.0,0.0,0.0,C3
20265,2,R2 scale-out,0.7058823529411765,0.9752066115702479,0.9655172413793104,C3
20515,2,R2 scale-out,0.7868852459016393,1.0,1.0,C3
20765,2,R2 scale-out,0.5853658536585366,0.9859154929577465,1.0,C3
21015,2,R2 scale-out,0.0,0.0,0.0,C3
21265,2,R2 scale-out,0.6,0.9863013698630136,1.0,C3
21515,2,R2 scale-out,0.0,0.0,0.0,C3
21765,2,R2 scale-out,0.7182320441988951,0.9846153846153847,0.9606299212598425,C3
22015,2,R2 scale-out,0.3958333333333333,0.9743589743589743,1.0,C3
22265,2,R2 scale-out,0.7017543859649122,0.9915966386554622,0.9915966386554622,C3
22515,2,R2 scale-out,0.20253164556962025,0.9411764705882353,1.0,C3
22765,2,R2 scale-out,0.64,1.0,0.9743589743589743,C3
23015,2,R2 scale-out,0.8155339805825242,0.9818181818181818,0.9818181818181818,C3
23265,2,R2 scale-out,0.3652173913043478,0.9523809523809523,0.95,C3
23515,2,R2 scale-out,0.5714285714285714,0.9629629629629629,0.9873417721518988,C3
23765,2,R2 scale-out,0.7461139896373057,0.993006993006993,0.9861111111111112,C3
24015,2,R2 scale-out,0.0,0.0,0.0,C3
24265,2,R2 scale-out,0.0,0.0,0.0,C3
24515,2,R2 scale-out,0.7374301675977654,0.9770992366412213,0.9767441860465116,C3
24765,2,R2 scale-out,0.5555555555555556,0.9836065573770492,1.0,C3
25015,2,R2 scale-out,0.0,0.0,0.0,C3
25265,2,R2 scale-out,0.7342995169082126,0.9736842105263158,0.9659863945578231,C3
25515,2,R2 scale-out,0.5079365079365079,0.9696969696969697,0.96875,C3
25765,2,R2 scale-out,0.54,1.0,0.9811320754716981,C3
26015,3,R3 combined load,0.40425531914893614,0.5283018867924528,0.9739130434782609,C3
26265,3,R3 combined load,0.39344262295081966,0.9354838709677419,0.9473684210526315,C3
26515,3,R3 combined load,0.39603960396039606,0.9508196721311475,0.9747899159663865,C3
26765,3,R3 combined load,0.2608695652173913,0.9459459459459459,0.9459459459459459,C3
27015,3,R3 combined load,0.3219178082191781,0.9894736842105263,0.989247311827957,C3
27265,3,R3 combined load,0.33447098976109213,0.98,0.98989898989899,C3
27515,3,R3 combined load,0.17647058823529413,0.9795918367346939,0.9787234042553191,C3
27765,3,R3 combined load,0.4394904458598726,0.9714285714285714,0.9701492537313433,C3
28015,3,R3 combined load,0.41935483870967744,0.9923664122137404,0.9767441860465116,C3
28265,3,R3 combined load,0.4416403785488959,0.9859154929577465,0.9705882352941176,C3
28515,3,R3 combined load,0.5925925925925926,0.9855072463768116,0.975609756097561,C3
28765,3,R3 combined load,0.2028985507246377,0.9824561403508771,0.9333333333333333,C3
29015,3,R3 combined load,0.0,0.0,0.0,C3
29265,3,R3 combined load,0.2937062937062937,1.0,0.9647058823529412,C3
29515,3,R3 combined load,0.5106382978723404,0.9822485207100592,0.9879518072289156,C3
29765,3,R3 combined load,0.45768025078369906,0.9790209790209791,0.971830985915493,C3
30015,3,R3 combined load,0.432258064516129,0.9850746268656716,0.9701492537313433,C3
30265,3,R3 combined load,0.1647940074906367,0.9777777777777777,1.0,C3
30515,3,R3 combined load,0.0,0.0,0.0,C3
30765,3,R3 combined load,0.0,0.0,0.0,C3
31015,3,R3 combined load,0.1797752808988764,1.0,0.9361702127659575,C3
31265,3,R3 combined load,0.12403100775193798,0.9375,0.9090909090909091,C3
31515,3,R3 combined load,0.43729903536977494,0.9925925925925926,0.9624060150375939,C3
31765,3,R3 combined load,0.14615384615384616,0.9743589743589743,0.9743589743589743,C3
32015,3,R3 combined load,0.37209302325581395,0.9739130434782609,0.9724770642201835,C3
32265,3,R3 combined load,0.2896551724137931,0.9882352941176471,0.9882352941176471,C3
32515,3,R3 combined load,0.6118980169971672,0.9953488372093023,0.9716981132075472,C3
32765,3,R3 combined load,0.4117647058823529,0.992,0.959349593495935,C3
33015,3,R3 combined load,0.16091954022988506,1.0,1.0,C3
33265,3,R3 combined load,0.22627737226277372,1.0,0.9841269841269841,C3
33515,3,R3 combined load,0.49079754601226994,0.9808917197452229,0.9548387096774194,C3
33765,3,R3 combined load,0.1791044776119403,1.0,0.9387755102040817,C3
34015,3,R3 combined load,0.29473684210526313,1.0,1.0,C3
34265,3,R3 combined load,0.5309734513274337,0.9830508474576272,0.9775280898876404,C3
34475,3,R3 combined load,0.3582089552238806,1.0,1.0,C3
8765,1,R1 latency regression,0.48,0.48,0.9583333333333334,C4
9015,1,R1 latency regression,0.34782608695652173,0.34782608695652173,0.9791666666666666,C4
9265,1,R1 latency regression,0.2631578947368421,0.6422018348623854,0.9705882352941176,C4
9515,1,R1 latency regression,0.22924901185770752,0.651685393258427,1.0,C4
9765,1,R1 latency regression,0.3271375464684015,0.967032967032967,1.0,C4
10015,1,R1 latency regression,0.4067796610169492,0.96,0.9565217391304348,C4
10265,1,R1 latency regression,0.6112759643916914,0.9853658536585366,0.9803921568627451,C4
10515,1,R1 latency regression,0.3416370106761566,0.96,0.9896907216494846,C4
10765,1,R1 latency regression,0.2248062015503876,0.9508196721311475,0.896551724137931,C4
11015,1,R1 latency regression,0.0,0.0,0.0,C4
11265,1,R1 latency regression,0.192,0.9795918367346939,0.9361702127659575,C4
11515,1,R1 latency regression,0.192,0.9795918367346939,0.9565217391304348,C4
11765,1,R1 latency regression,0.29118773946360155,0.958904109589041,0.958904109589041,C4
12015,1,R1 latency regression,0.5345911949685535,1.0,0.9820359281437125,C4
12265,1,R1 latency regression,0.32967032967032966,0.989010989010989,0.9662921348314607,C4
12515,1,R1 latency regression,0.34408602150537637,0.9896907216494846,1.0,C4
12765,1,R1 latency regression,0.10256410256410256,0.96,0.96,C4
13015,1,R1 latency regression,0.3516483516483517,1.0,0.9894736842105263,C4
13265,1,R1 latency regression,0.1935483870967742,1.0,1.0,C4
13515,1,R1 latency regression,0.2737642585551331,1.0,0.9714285714285714,C4
13765,1,R1 latency regression,0.2932330827067669,1.0,0.987012987012987,C4
14015,1,R1 latency regression,0.32967032967032966,0.9887640449438202,0.9655172413793104,C4
14265,1,R1 latency regression,0.05286343612334802,1.0,0.9230769230769231,C4
14515,1,R1 latency regression,0.36042402826855124,0.9696969696969697,0.98,C4
14765,1,R1 latency regression,0.5749235474006116,0.9893617021276596,0.978494623655914,C4
15015,1,R1 latency regression,0.4850498338870432,0.993103448275862,0.9793103448275862,C4
15265,1,R1 latency regression,0.22672064777327935,0.9824561403508771,1.0,C4
15515,1,R1 latency regression,0.1927710843373494,0.9583333333333334,0.9787234042553191,C4
15765,1,R1 latency regression,0.10126582278481013,1.0,1.0,C4
16015,1,R1 latency regression,0.13793103448275862,0.967741935483871,0.967741935483871,C4
16265,1,R1 latency regression,0.3,0.987012987012987,0.961038961038961,C4
16515,1,R1 latency regression,0.04405286343612335,1.0,1.0,C4
16765,1,R1 latency regression,0.19047619047619047,0.9411764705882353,0.9787234042553191,C4
17015,1,R1 latency regression,0.4271186440677966,0.9841269841269841,0.9838709677419355,C4
17265,1,R1 latency regression,0.26900584795321636,0.9777777777777777,0.9565217391304348,C4
17515,2,R2 scale-out,0.7761194029850746,0.8529411764705882,0.9736842105263158,C4
17765,2,R2 scale-out,0.5882352941176471,0.9473684210526315,0.9620253164556962,C4
18015,2,R2 scale-out,0.6527777777777778,0.9069767441860465,0.967032967032967,C4
18265,2,R2 scale-out,0.7766990291262136,0.9333333333333333,0.9625,C4
18515,2,R2 scale-out,0.73224043715847,0.9774436090225563,0.9629629629629629,C4
18765,2,R2 scale-out,0.24324324324324326,0.9473684210526315,1.0,C4
19015,2,R2 scale-out,0.4247787610619469,1.0,1.0,C4
19265,2,R2 scale-out,0.6666666666666666,0.968421052631579,0.9896907216494846,C4
19515,2,R2 scale-out,0.7722772277227723,0.9803921568627451,0.9806451612903225,C4
19765,2,R2 scale-out,0.5815602836879432,0.975,0.975,C4
20015,2,R2 scale-out,0.0,0.0,0.0,C4
20265,2,R2 scale-out,0.7100591715976331,0.9833333333333333,0.9743589743589743,C4
20515,2,R2 scale-out,0.7700534759358288,1.0,1.0,C4
20765,2,R2 scale-out,0.6050420168067226,0.9859154929577465,0.9859154929577465,C4
21015,2,R2 scale-out,0.0,0.0,0.0,C4
21265,2,R2 scale-out,0.6153846153846154,0.9863013698630136,1.0,C4
21515,2,R2 scale-out,0.0,0.0,0.0,C4
21765,2,R2 scale-out,0.7142857142857143,0.9846153846153847,0.9682539682539683,C4
22015,2,R2 scale-out,0.3917525773195876,1.0,1.0,C4
22265,2,R2 scale-out,0.7100591715976331,0.9915966386554622,0.9830508474576272,C4
22515,2,R2 scale-out,0.20253164556962025,0.9411764705882353,1.0,C4
22765,2,R2 scale-out,0.6299212598425197,1.0,0.9743589743589743,C4
23015,2,R2 scale-out,0.8115942028985508,0.9879518072289156,0.9879518072289156,C4
23265,2,R2 scale-out,0.375,0.9523809523809523,0.95,C4
23515,2,R2 scale-out,0.5714285714285714,0.975,0.9873417721518988,C4
23765,2,R2 scale-out,0.7461139896373057,0.993006993006993,0.9861111111111112,C4
24015,2,R2 scale-out,0.0,0.0,0.0,C4
24265,2,R2 scale-out,0.0,0.0,0.0,C4
24515,2,R2 scale-out,0.75,0.9848484848484849,0.9767441860465116,C4
24765,2,R2 scale-out,0.5714285714285714,0.9836065573770492,1.0,C4
25015,2,R2 scale-out,0.0,0.0,0.0,C4
25265,2,R2 scale-out,0.7378640776699029,0.9801324503311258,0.9659863945578231,C4
25515,2,R2 scale-out,0.5079365079365079,0.9846153846153847,1.0,C4
25765,2,R2 scale-out,0.54,1.0,0.9811320754716981,C4
26015,3,R3 combined load,0.40714285714285714,0.5333333333333333,0.9655172413793104,C4
26265,3,R3 combined load,0.39087947882736157,0.928,0.9473684210526315,C4
26515,3,R3 combined load,0.39344262295081966,0.944,0.9747899159663865,C4
26765,3,R3 combined load,0.2608695652173913,0.9459459459459459,0.9459459459459459,C4
27015,3,R3 combined load,0.3219178082191781,0.9894736842105263,0.989247311827957,C4
27265,3,R3 combined load,0.33447098976109213,0.96,0.98989898989899,C4
27515,3,R3 combined load,0.17712177121771217,0.9795918367346939,0.9787234042553191,C4
27765,3,R3 combined load,0.4394904458598726,0.9784172661870504,0.9701492537313433,C4
28015,3,R3 combined load,0.41935483870967744,0.9923664122137404,0.9767441860465116,C4
28265,3,R3 combined load,0.4430379746835443,0.9859154929577465,0.9705882352941176,C4
28515,3,R3 combined load,0.5909090909090909,0.9855072463768116,0.975609756097561,C4
28765,3,R3 combined load,0.20363636363636364,0.9491525423728814,0.9333333333333333,C4
29015,3,R3 combined load,0.0,0.0,0.0,C4
29265,3,R3 combined load,0.2926829268292683,1.0,0.9761904761904762,C4
29515,3,R3 combined load,0.5106382978723404,0.9764705882352941,0.9818181818181818,C4
29765,3,R3 combined load,0.45768025078369906,0.9790209790209791,0.9655172413793104,C4
30015,3,R3 combined load,0.432258064516129,0.9924812030075187,0.9924812030075187,C4
30265,3,R3 combined load,0.1647940074906367,0.9777777777777777,0.9777777777777777,C4
30515,3,R3 combined load,0.0,0.0,0.0,C4
30765,3,R3 combined load,0.0,0.0,0.0,C4
31015,3,R3 combined load,0.18045112781954886,0.9795918367346939,0.9583333333333334,C4
31265,3,R3 combined load,0.125,0.9375,0.9375,C4
31515,3,R3 combined load,0.4358974358974359,0.9925925925925926,0.9701492537313433,C4
31765,3,R3 combined load,0.14615384615384616,1.0,0.9743589743589743,C4
32015,3,R3 combined load,0.3708609271523179,0.9821428571428571,0.9724770642201835,C4
32265,3,R3 combined load,0.2896551724137931,1.0,0.9882352941176471,C4
32515,3,R3 combined load,0.6136363636363636,0.9953488372093023,0.9811320754716981,C4
32765,3,R3 combined load,0.4117647058823529,0.992,0.959349593495935,C4
33015,3,R3 combined load,0.16091954022988506,1.0,0.9767441860465116,C4
33265,3,R3 combined load,0.2271062271062271,1.0,0.967741935483871,C4
33515,3,R3 combined load,0.49230769230769234,0.9808917197452229,0.961038961038961,C4
33765,3,R3 combined load,0.1791044776119403,1.0,0.9387755102040817,C4
34015,3,R3 combined load,0.29473684210526313,1.0,1.0,C4
34265,3,R3 combined load,0.5325443786982249,0.9830508474576272,0.9830508474576272,C4
34475,3,R3 combined load,0.36,0.9859154929577465,0.9859154929577465,C4
