i,y_true,y_pred,proba
0,0,1,0.9
1,0,0,0.0999999999999999
2,0,0,0.0999999999999999
3,0,0,0.0999999999999999
4,0,0,0.0999999999999999
5,0,1,0.9
6,0,0,0.0999999999999999
7,0,1,0.9
8,0,0,0.0999999999999999
9,0,0,0.0999999999999999
10,0,0,0.0999999999999999
11,0,0,0.0999999999999999
12,0,0,0.0999999999999999
13,0,0,0.0999999999999999
14,0,0,0.0999999999999999
15,0,0,0.0999999999999999
16,0,0,0.0999999999999999
17,0,1,0.9
18,1,0,0.0999999999999999
19,0,1,0.9
20,0,1,0.9
21,0,0,0.0999999999999999
22,0,0,0.0999999999999999
23,0,0,0.0999999999999999
24,0,0,0.0999999999999999
25,1,0,0.0999999999999999
26,0,0,0.0999999999999999
27,0,0,0.0999999999999999
28,0,0,0.0999999999999999
29,0,0,0.0999999999999999
30,0,1,0.9
31,0,0,0.0999999999999999
32,0,0,0.0999999999999999
33,0,0,0.0999999999999999
34,1,1,0.9
35,0,0,0.0999999999999999
36,0,0,0.0999999999999999
37,1,0,0.0999999999999999
38,1,1,0.9
39,0,0,0.0999999999999999
40,0,0,0.0999999999999999
41,1,1,0.9
42,0,0,0.0999999999999999
43,0,0,0.0999999999999999
44,0,0,0.0999999999999999
45,0,0,0.0999999999999999
46,0,0,0.0999999999999999
47,0,0,0.0999999999999999
48,0,1,0.9
49,1,0,0.0999999999999999
50,0,0,0.0999999999999999
51,1,0,0.0999999999999999
52,1,1,0.9
53,0,0,0.0999999999999999
54,0,0,0.0999999999999999
55,0,0,0.0999999999999999
56,0,1,0.9
57,0,0,0.0999999999999999
58,0,1,0.9
59,1,0,0.0999999999999999
60,0,0,0.0999999999999999
61,1,0,0.0999999999999999
62,0,0,0.0999999999999999
63,1,1,0.9
64,0,0,0.0999999999999999
65,0,0,0.0999999999999999
66,0,0,0.0999999999999999
67,0,1,0.9
68,0,0,0.0999999999999999
69,0,0,0.0999999999999999
70,0,0,0.0999999999999999
71,0,0,0.0999999999999999
72,0,0,0.0999999999999999
73,0,0,0.0999999999999999
74,0,0,0.0999999999999999
75,0,0,0.0999999999999999
76,0,0,0.0999999999999999
77,0,0,0.0999999999999999
78,0,0,0.0999999999999999
79,0,0,0.0999999999999999
80,1,0,0.0999999999999999
81,1,1,0.9
82,1,0,0.0999999999999999
83,0,1,0.9
84,0,1,0.9
85,0,0,0.0999999999999999
86,0,0,0.0999999999999999
87,0,0,0.0999999999999999
88,0,0,0.0999999999999999
89,0,0,0.0999999999999999
90,0,1,0.9
91,1,1,0.9
92,1,0,0.0999999999999999
93,0,0,0.0999999999999999
94,0,0,0.0999999999999999
95,0,1,0.9
96,0,0,0.0999999999999999
97,0,0,0.0999999999999999
98,0,0,0.0999999999999999
99,0,0,0.0999999999999999
100,0,0,0.0999999999999999
101,0,0,0.0999999999999999
102,0,0,0.0999999999999999
103,0,0,0.0999999999999999
104,0,1,0.9
105,0,1,0.9
106,0,1,0.9
107,0,0,0.0999999999999999
108,0,0,0.0999999999999999
109,0,0,0.0999999999999999
110,0,0,0.0999999999999999
111,1,1,0.9
112,0,0,0.0999999999999999
113,0,0,0.0999999999999999
114,0,0,0.0999999999999999
115,0,0,0.0999999999999999
116,0,0,0.0999999999999999
117,0,0,0.0999999999999999
118,0,1,0.9
119,1,1,0.9
120,1,1,0.9
121,0,0,0.0999999999999999
122,0,0,0.0999999999999999
123,0,0,0.0999999999999999
124,1,0,0.0999999999999999
125,0,0,0.0999999999999999
126,0,0,0.0999999999999999
127,0,0,0.0999999999999999
128,0,0,0.0999999999999999
129,0,1,0.9
130,1,0,0.0999999999999999
131,0,0,0.0999999999999999
132,0,0,0.0999999999999999
133,0,0,0.0999999999999999
134,1,1,0.9
135,0,1,0.9
136,0,1,0.9
137,0,0,0.0999999999999999
138,1,1,0.9
139,0,0,0.0999999999999999
140,0,0,0.0999999999999999
141,0,0,0.0999999999999999
142,0,0,0.0999999999999999
143,0,0,0.0999999999999999
144,1,1,0.9
145,0,0,0.0999999999999999
146,0,0,0.0999999999999999
147,0,1,0.9
148,0,0,0.0999999999999999
149,0,0,0.0999999999999999
150,0,0,0.0999999999999999
151,0,0,0.0999999999999999
152,1,0,0.0999999999999999
153,0,1,0.9
154,0,0,0.0999999999999999
155,0,0,0.0999999999999999
156,0,0,0.0999999999999999
157,0,0,0.0999999999999999
158,0,0,0.0999999999999999
159,0,0,0.0999999999999999
160,0,0,0.0999999999999999
161,0,0,0.0999999999999999
162,0,0,0.0999999999999999
163,0,0,0.0999999999999999
164,0,0,0.0999999999999999
165,0,0,0.0999999999999999
166,0,0,0.0999999999999999
167,0,0,0.0999999999999999
168,0,1,0.9
169,0,0,0.0999999999999999
170,0,0,0.0999999999999999
171,0,0,0.0999999999999999
172,0,0,0.0999999999999999
173,0,0,0.0999999999999999
174,0,0,0.0999999999999999
175,0,0,0.0999999999999999
176,0,0,0.0999999999999999
177,1,0,0.0999999999999999
178,0,0,0.0999999999999999
179,0,0,0.0999999999999999
180,1,0,0.0999999999999999
181,0,0,0.0999999999999999
182,0,0,0.0999999999999999
183,0,0,0.0999999999999999
184,0,0,0.0999999999999999
185,0,0,0.0999999999999999
186,0,0,0.0999999999999999
187,0,0,0.0999999999999999
188,0,1,0.9
189,1,1,0.9
190,0,0,0.0999999999999999
191,0,0,0.0999999999999999
192,0,0,0.0999999999999999
193,1,0,0.0999999999999999
194,1,0,0.0999999999999999
195,0,0,0.0999999999999999
196,0,0,0.0999999999999999
197,0,0,0.0999999999999999
198,0,0,0.0999999999999999
199,0,0,0.0999999999999999
200,0,1,0.9
201,0,0,0.0999999999999999
202,0,0,0.0999999999999999
203,0,0,0.0999999999999999
204,1,0,0.0999999999999999
205,0,0,0.0999999999999999
206,0,0,0.0999999999999999
207,0,0,0.0999999999999999
208,0,0,0.0999999999999999
209,0,0,0.0999999999999999
210,0,0,0.0999999999999999
211,1,0,0.0999999999999999
212,0,0,0.0999999999999999
213,0,0,0.0999999999999999
214,0,0,0.0999999999999999
215,0,0,0.0999999999999999
216,0,0,0.0999999999999999
217,0,0,0.0999999999999999
218,0,0,0.0999999999999999
219,0,0,0.0999999999999999
220,1,1,0.9
221,0,0,0.0999999999999999
222,0,0,0.0999999999999999
223,0,0,0.0999999999999999
224,1,1,0.9
225,0,0,0.0999999999999999
226,0,0,0.0999999999999999
227,1,1,0.9
228,0,0,0.0999999999999999
229,0,0,0.0999999999999999
230,0,0,0.0999999999999999
231,0,0,0.0999999999999999
232,0,0,0.0999999999999999
233,0,0,0.0999999999999999
234,0,0,0.0999999999999999
235,0,0,0.0999999999999999
236,0,0,0.0999999999999999
237,0,0,0.0999999999999999
238,0,0,0.0999999999999999
239,0,0,0.0999999999999999
240,1,0,0.0999999999999999
241,0,0,0.0999999999999999
242,0,0,0.0999999999999999
243,0,0,0.0999999999999999
244,0,0,0.0999999999999999
245,0,0,0.0999999999999999
246,0,0,0.0999999999999999
247,0,0,0.0999999999999999
248,1,0,0.0999999999999999
249,0,1,0.9
250,0,1,0.9
251,0,1,0.9
252,0,0,0.0999999999999999
253,0,0,0.0999999999999999
254,0,0,0.0999999999999999
255,0,0,0.0999999999999999
256,1,1,0.9
257,0,0,0.0999999999999999
258,0,0,0.0999999999999999
259,0,0,0.0999999999999999
260,0,0,0.0999999999999999
261,0,0,0.0999999999999999
262,0,0,0.0999999999999999
263,0,0,0.0999999999999999
264,0,0,0.0999999999999999
265,0,0,0.0999999999999999
266,0,0,0.0999999999999999
267,0,0,0.0999999999999999
268,0,0,0.0999999999999999
269,0,0,0.0999999999999999
270,0,0,0.0999999999999999
271,0,0,0.0999999999999999
272,0,1,0.9
273,0,0,0.0999999999999999
274,0,0,0.0999999999999999
275,0,1,0.9
276,0,1,0.9
277,0,0,0.0999999999999999
278,0,0,0.0999999999999999
279,0,0,0.0999999999999999
280,0,0,0.0999999999999999
281,0,0,0.0999999999999999
282,0,0,0.0999999999999999
283,0,0,0.0999999999999999
284,0,0,0.0999999999999999
285,0,0,0.0999999999999999
286,0,1,0.9
287,0,0,0.0999999999999999
288,0,0,0.0999999999999999
289,0,1,0.9
290,0,0,0.0999999999999999
291,0,0,0.0999999999999999
292,0,1,0.9
293,0,0,0.0999999999999999
294,0,0,0.0999999999999999
295,0,0,0.0999999999999999
296,0,0,0.0999999999999999
297,1,1,0.9
298,0,0,0.0999999999999999
299,1,1,0.9
300,1,1,0.9
301,0,0,0.0999999999999999
302,0,0,0.0999999999999999
303,0,0,0.0999999999999999
304,0,0,0.0999999999999999
305,0,0,0.0999999999999999
306,0,0,0.0999999999999999
307,0,0,0.0999999999999999
308,0,0,0.0999999999999999
309,0,1,0.9
310,0,0,0.0999999999999999
311,1,1,0.9
312,0,0,0.0999999999999999
313,0,0,0.0999999999999999
314,0,0,0.0999999999999999
315,0,0,0.0999999999999999
316,1,1,0.9
317,0,0,0.0999999999999999
318,0,1,0.9
319,1,1,0.9
320,0,0,0.0999999999999999
321,0,0,0.0999999999999999
322,0,0,0.0999999999999999
323,0,1,0.9
324,0,0,0.0999999999999999
325,0,0,0.0999999999999999
326,1,1,0.9
327,0,0,0.0999999999999999
328,0,0,0.0999999999999999
329,0,0,0.0999999999999999
330,0,0,0.0999999999999999
331,1,0,0.0999999999999999
332,0,0,0.0999999999999999
333,0,0,0.0999999999999999
334,0,0,0.0999999999999999
335,0,1,0.9
336,0,0,0.0999999999999999
337,1,0,0.0999999999999999
338,0,0,0.0999999999999999
339,0,0,0.0999999999999999
340,0,0,0.0999999999999999
341,0,0,0.0999999999999999
342,0,0,0.0999999999999999
343,0,0,0.0999999999999999
344,0,1,0.9
345,1,0,0.0999999999999999
346,0,0,0.0999999999999999
347,0,0,0.0999999999999999
348,0,0,0.0999999999999999
349,0,1,0.9
350,0,0,0.0999999999999999
351,0,0,0.0999999999999999
352,0,0,0.0999999999999999
353,1,0,0.0999999999999999
354,0,0,0.0999999999999999
355,1,1,0.9
356,0,0,0.0999999999999999
357,1,0,0.0999999999999999
358,0,0,0.0999999999999999
359,1,1,0.9
360,0,0,0.0999999999999999
361,0,0,0.0999999999999999
362,1,0,0.0999999999999999
363,0,0,0.0999999999999999
364,0,0,0.0999999999999999
365,0,0,0.0999999999999999
366,1,0,0.0999999999999999
367,0,0,0.0999999999999999
368,0,1,0.9
369,0,0,0.0999999999999999
370,0,0,0.0999999999999999
371,0,0,0.0999999999999999
372,0,0,0.0999999999999999
373,0,0,0.0999999999999999
374,0,0,0.0999999999999999
375,0,0,0.0999999999999999
376,0,0,0.0999999999999999
377,0,0,0.0999999999999999
378,0,0,0.0999999999999999
379,0,0,0.0999999999999999
380,0,1,0.9
381,0,0,0.0999999999999999
382,0,1,0.9
383,0,0,0.0999999999999999
384,0,0,0.0999999999999999
385,0,0,0.0999999999999999
386,0,1,0.9
387,0,0,0.0999999999999999
388,1,1,0.9
389,0,0,0.0999999999999999
390,0,0,0.0999999999999999
391,0,0,0.0999999999999999
392,0,0,0.0999999999999999
393,0,0,0.0999999999999999
394,0,0,0.0999999999999999
395,1,1,0.9
396,0,0,0.0999999999999999
397,0,0,0.0999999999999999
398,0,0,0.0999999999999999
399,0,0,0.0999999999999999
400,1,0,0.0999999999999999
401,0,0,0.0999999999999999
402,0,1,0.9
403,0,0,0.0999999999999999
404,0,0,0.0999999999999999
405,0,0,0.0999999999999999
406,1,0,0.0999999999999999
407,0,0,0.0999999999999999
408,0,0,0.0999999999999999
409,1,0,0.0999999999999999
410,0,0,0.0999999999999999
411,0,0,0.0999999999999999
412,0,0,0.0999999999999999
413,0,0,0.0999999999999999
414,1,1,0.9
415,0,0,0.0999999999999999
416,1,1,0.9
417,0,0,0.0999999999999999
418,0,0,0.0999999999999999
419,0,0,0.0999999999999999
420,1,0,0.0999999999999999
421,1,1,0.9
422,0,0,0.0999999999999999
423,1,0,0.0999999999999999
424,0,0,0.0999999999999999
425,0,1,0.9
426,0,0,0.0999999999999999
427,0,0,0.0999999999999999
428,0,0,0.0999999999999999
429,0,0,0.0999999999999999
430,0,0,0.0999999999999999
431,1,0,0.0999999999999999
432,0,1,0.9
433,0,0,0.0999999999999999
434,0,0,0.0999999999999999
435,0,1,0.9
436,0,0,0.0999999999999999
437,1,0,0.0999999999999999
438,1,1,0.9
439,1,0,0.0999999999999999
440,0,0,0.0999999999999999
441,0,1,0.9
442,0,0,0.0999999999999999
443,1,1,0.9
444,0,0,0.0999999999999999
445,1,0,0.0999999999999999
446,0,0,0.0999999999999999
447,0,0,0.0999999999999999
448,0,0,0.0999999999999999
449,0,0,0.0999999999999999
450,0,0,0.0999999999999999
451,1,1,0.9
452,0,0,0.0999999999999999
453,1,1,0.9
454,0,0,0.0999999999999999
455,0,0,0.0999999999999999
456,0,1,0.9
457,0,0,0.0999999999999999
458,1,1,0.9
459,0,0,0.0999999999999999
460,1,0,0.0999999999999999
461,0,1,0.9
462,0,0,0.0999999999999999
463,0,0,0.0999999999999999
464,0,0,0.0999999999999999
465,0,0,0.0999999999999999
466,0,0,0.0999999999999999
467,0,0,0.0999999999999999
468,0,1,0.9
469,0,0,0.0999999999999999
470,0,0,0.0999999999999999
471,1,1,0.9
472,0,0,0.0999999999999999
473,0,0,0.0999999999999999
474,0,0,0.0999999999999999
475,0,0,0.0999999999999999
476,0,1,0.9
477,0,0,0.0999999999999999
478,0,1,0.9
479,0,0,0.0999999999999999
480,0,0,0.0999999999999999
481,0,0,0.0999999999999999
482,0,0,0.0999999999999999
483,0,0,0.0999999999999999
484,0,0,0.0999999999999999
485,0,0,0.0999999999999999
486,0,0,0.0999999999999999
487,0,0,0.0999999999999999
488,0,0,0.0999999999999999
489,0,0,0.0999999999999999
490,0,0,0.0999999999999999
491,0,0,0.0999999999999999
492,0,0,0.0999999999999999
493,0,0,0.0999999999999999
494,0,0,0.0999999999999999
495,0,0,0.0999999999999999
496,0,0,0.0999999999999999
497,0,0,0.0999999999999999
498,0,1,0.9
499,1,0,0.0999999999999999
500,1,0,0.0999999999999999
501,0,0,0.0999999999999999
502,0,1,0.9
503,0,0,0.0999999999999999
504,0,0,0.0999999999999999
505,0,0,0.0999999999999999
506,0,0,0.0999999999999999
507,0,0,0.0999999999999999
508,0,0,0.0999999999999999
509,0,0,0.0999999999999999
510,0,0,0.0999999999999999
511,0,0,0.0999999999999999
512,0,0,0.0999999999999999
513,0,0,0.0999999999999999
514,0,1,0.9
515,0,0,0.0999999999999999
516,0,0,0.0999999999999999
517,0,0,0.0999999999999999
518,0,0,0.0999999999999999
519,0,0,0.0999999999999999
520,1,0,0.0999999999999999
521,0,0,0.0999999999999999
522,0,0,0.0999999999999999
523,0,0,0.0999999999999999
524,1,1,0.9
525,1,1,0.9
526,0,0,0.0999999999999999
527,0,1,0.9
528,0,0,0.0999999999999999
529,0,0,0.0999999999999999
530,0,0,0.0999999999999999
531,0,0,0.0999999999999999
532,0,1,0.9
533,0,0,0.0999999999999999
534,0,0,0.0999999999999999
535,0,0,0.0999999999999999
536,0,0,0.0999999999999999
537,0,0,0.0999999999999999
538,1,0,0.0999999999999999
539,0,0,0.0999999999999999
540,0,0,0.0999999999999999
541,1,1,0.9
542,0,0,0.0999999999999999
543,0,0,0.0999999999999999
544,1,1,0.9
545,0,0,0.0999999999999999
546,0,0,0.0999999999999999
547,0,0,0.0999999999999999
548,0,1,0.9
549,0,0,0.0999999999999999
550,0,0,0.0999999999999999
551,0,0,0.0999999999999999
552,0,0,0.0999999999999999
553,0,1,0.9
554,0,0,0.0999999999999999
555,0,0,0.0999999999999999
556,0,0,0.0999999999999999
557,0,0,0.0999999999999999
558,0,0,0.0999999999999999
559,0,0,0.0999999999999999
560,0,0,0.0999999999999999
561,0,0,0.0999999999999999
562,0,1,0.9
563,1,1,0.9
564,0,1,0.9
565,0,0,0.0999999999999999
566,0,0,0.0999999999999999
567,0,0,0.0999999999999999
568,0,0,0.0999999999999999
569,0,0,0.0999999999999999
570,0,1,0.9
571,0,0,0.0999999999999999
572,0,1,0.9
573,0,0,0.0999999999999999
574,0,0,0.0999999999999999
575,0,0,0.0999999999999999
576,0,0,0.0999999999999999
577,0,0,0.0999999999999999
578,0,0,0.0999999999999999
579,0,0,0.0999999999999999
580,0,0,0.0999999999999999
581,0,0,0.0999999999999999
582,0,0,0.0999999999999999
583,0,0,0.0999999999999999
584,0,0,0.0999999999999999
585,1,0,0.0999999999999999
586,0,0,0.0999999999999999
587,0,1,0.9
588,0,0,0.0999999999999999
589,0,0,0.0999999999999999
590,0,0,0.0999999999999999
591,0,1,0.9
592,0,0,0.0999999999999999
593,0,0,0.0999999999999999
594,0,0,0.0999999999999999
595,0,0,0.0999999999999999
596,0,0,0.0999999999999999
597,0,0,0.0999999999999999
598,0,0,0.0999999999999999
599,1,0,0.0999999999999999
600,0,0,0.0999999999999999
601,0,0,0.0999999999999999
602,0,1,0.9
603,0,0,0.0999999999999999
604,0,0,0.0999999999999999
605,0,0,0.0999999999999999
606,0,0,0.0999999999999999
607,0,0,0.0999999999999999
608,0,1,0.9
609,0,0,0.0999999999999999
610,1,1,0.9
611,0,0,0.0999999999999999
612,0,0,0.0999999999999999
613,0,1,0.9
614,1,0,0.0999999999999999
615,0,1,0.9
616,0,0,0.0999999999999999
617,0,0,0.0999999999999999
618,0,0,0.0999999999999999
619,0,1,0.9
620,0,1,0.9
621,0,0,0.0999999999999999
622,1,0,0.0999999999999999
623,0,1,0.9
624,0,1,0.9
625,1,0,0.0999999999999999
626,0,0,0.0999999999999999
627,0,0,0.0999999999999999
628,0,0,0.0999999999999999
629,0,0,0.0999999999999999
630,0,0,0.0999999999999999
631,0,1,0.9
632,0,1,0.9
633,0,0,0.0999999999999999
634,0,0,0.0999999999999999
635,0,0,0.0999999999999999
636,0,0,0.0999999999999999
637,0,0,0.0999999999999999
638,0,0,0.0999999999999999
639,0,0,0.0999999999999999
640,0,0,0.0999999999999999
641,0,0,0.0999999999999999
642,0,0,0.0999999999999999
643,0,1,0.9
644,0,0,0.0999999999999999
645,0,0,0.0999999999999999
646,0,0,0.0999999999999999
647,0,0,0.0999999999999999
648,0,0,0.0999999999999999
649,1,1,0.9
650,0,0,0.0999999999999999
651,1,1,0.9
652,0,0,0.0999999999999999
653,1,1,0.9
654,0,0,0.0999999999999999
655,0,0,0.0999999999999999
656,0,0,0.0999999999999999
657,0,0,0.0999999999999999
658,0,0,0.0999999999999999
659,0,0,0.0999999999999999
660,0,0,0.0999999999999999
661,0,0,0.0999999999999999
662,0,0,0.0999999999999999
663,0,0,0.0999999999999999
664,0,0,0.0999999999999999
665,0,0,0.0999999999999999
666,0,1,0.9
667,1,1,0.9
668,1,0,0.0999999999999999
669,0,0,0.0999999999999999
670,0,1,0.9
671,0,0,0.0999999999999999
672,0,0,0.0999999999999999
673,1,0,0.0999999999999999
674,0,0,0.0999999999999999
675,1,1,0.9
676,1,1,0.9
677,0,0,0.0999999999999999
678,0,0,0.0999999999999999
679,0,1,0.9
680,0,0,0.0999999999999999
681,0,0,0.0999999999999999
682,0,0,0.0999999999999999
683,0,0,0.0999999999999999
684,0,0,0.0999999999999999
685,0,0,0.0999999999999999
686,0,0,0.0999999999999999
687,0,0,0.0999999999999999
688,1,0,0.0999999999999999
689,0,0,0.0999999999999999
690,0,1,0.9
691,0,0,0.0999999999999999
692,0,0,0.0999999999999999
693,1,0,0.0999999999999999
694,0,0,0.0999999999999999
695,0,0,0.0999999999999999
696,0,0,0.0999999999999999
697,0,0,0.0999999999999999
698,0,0,0.0999999999999999
699,0,0,0.0999999999999999
700,1,1,0.9
701,0,0,0.0999999999999999
702,0,1,0.9
703,0,1,0.9
704,0,0,0.0999999999999999
705,0,0,0.0999999999999999
706,0,0,0.0999999999999999
707,0,0,0.0999999999999999
708,0,0,0.0999999999999999
709,1,0,0.0999999999999999
710,0,0,0.0999999999999999
711,0,0,0.0999999999999999
712,0,0,0.0999999999999999
713,0,0,0.0999999999999999
714,0,0,0.0999999999999999
715,0,0,0.0999999999999999
716,0,0,0.0999999999999999
717,1,1,0.9
718,1,0,0.0999999999999999
719,1,1,0.9
720,0,0,0.0999999999999999
721,1,0,0.0999999999999999
722,0,0,0.0999999999999999
723,0,0,0.0999999999999999
724,0,0,0.0999999999999999
725,0,0,0.0999999999999999
726,1,1,0.9
727,0,1,0.9
728,0,0,0.0999999999999999
729,0,1,0.9
730,0,0,0.0999999999999999
731,0,0,0.0999999999999999
732,0,0,0.0999999999999999
733,1,0,0.0999999999999999
734,0,0,0.0999999999999999
735,0,0,0.0999999999999999
736,0,0,0.0999999999999999
737,1,1,0.9
738,0,0,0.0999999999999999
739,0,0,0.0999999999999999
740,0,0,0.0999999999999999
741,0,0,0.0999999999999999
742,0,1,0.9
743,0,0,0.0999999999999999
744,1,0,0.0999999999999999
745,0,0,0.0999999999999999
746,0,0,0.0999999999999999
747,1,0,0.0999999999999999
748,0,0,0.0999999999999999
749,0,0,0.0999999999999999
750,0,1,0.9
751,0,0,0.0999999999999999
752,0,0,0.0999999999999999
753,0,0,0.0999999999999999
754,0,0,0.0999999999999999
755,0,0,0.0999999999999999
756,0,0,0.0999999999999999
757,0,0,0.0999999999999999
758,0,0,0.0999999999999999
759,0,0,0.0999999999999999
760,0,0,0.0999999999999999
761,0,0,0.0999999999999999
762,0,0,0.0999999999999999
763,0,0,0.0999999999999999
764,0,0,0.0999999999999999
765,0,0,0.0999999999999999
766,0,0,0.0999999999999999
767,0,1,0.9
768,1,1,0.9
769,0,1,0.9
770,0,0,0.0999999999999999
771,0,0,0.0999999999999999
772,0,1,0.9
773,0,0,0.0999999999999999
774,0,0,0.0999999999999999
775,1,0,0.0999999999999999
776,0,0,0.0999999999999999
777,1,0,0.0999999999999999
778,0,1,0.9
779,0,0,0.0999999999999999
780,0,0,0.0999999999999999
781,0,0,0.0999999999999999
782,0,0,0.0999999999999999
783,0,1,0.9
784,0,0,0.0999999999999999
785,0,0,0.0999999999999999
786,0,0,0.0999999999999999
787,1,0,0.0999999999999999
788,1,1,0.9
789,0,0,0.0999999999999999
790,0,0,0.0999999999999999
791,0,0,0.0999999999999999
792,0,1,0.9
793,0,0,0.0999999999999999
794,0,0,0.0999999999999999
795,0,0,0.0999999999999999
796,0,0,0.0999999999999999
797,0,0,0.0999999999999999
798,1,0,0.0999999999999999
799,0,1,0.9
800,0,0,0.0999999999999999
801,0,0,0.0999999999999999
802,0,0,0.0999999999999999
803,0,0,0.0999999999999999
804,0,0,0.0999999999999999
805,0,0,0.0999999999999999
806,0,0,0.0999999999999999
807,0,0,0.0999999999999999
808,0,0,0.0999999999999999
809,0,0,0.0999999999999999
810,0,0,0.0999999999999999
811,0,0,0.0999999999999999
812,0,1,0.9
813,0,1,0.9
814,0,1,0.9
815,0,0,0.0999999999999999
816,0,0,0.0999999999999999
817,0,1,0.9
818,0,0,0.0999999999999999
819,0,0,0.0999999999999999
820,0,0,0.0999999999999999
821,0,0,0.0999999999999999
822,0,0,0.0999999999999999
823,0,0,0.0999999999999999
824,0,0,0.0999999999999999
825,0,0,0.0999999999999999
826,0,0,0.0999999999999999
827,0,0,0.0999999999999999
828,0,0,0.0999999999999999
829,0,0,0.0999999999999999
830,1,1,0.9
831,0,0,0.0999999999999999
832,1,1,0.9
833,0,1,0.9
834,0,0,0.0999999999999999
835,0,0,0.0999999999999999
836,1,1,0.9
837,0,0,0.0999999999999999
838,0,0,0.0999999999999999
839,1,1,0.9
840,1,0,0.0999999999999999
841,0,0,0.0999999999999999
842,1,1,0.9
843,0,0,0.0999999999999999
844,1,0,0.0999999999999999
845,0,0,0.0999999999999999
846,0,0,0.0999999999999999
847,0,0,0.0999999999999999
848,0,0,0.0999999999999999
849,0,0,0.0999999999999999
850,0,1,0.9
851,0,0,0.0999999999999999
852,0,1,0.9
853,0,0,0.0999999999999999
854,0,0,0.0999999999999999
855,1,0,0.0999999999999999
856,0,0,0.0999999999999999
857,0,0,0.0999999999999999
858,0,0,0.0999999999999999
859,0,0,0.0999999999999999
860,0,0,0.0999999999999999
861,1,0,0.0999999999999999
862,0,0,0.0999999999999999
863,0,0,0.0999999999999999
864,0,0,0.0999999999999999
865,0,0,0.0999999999999999
866,0,0,0.0999999999999999
867,0,1,0.9
868,1,0,0.0999999999999999
869,0,0,0.0999999999999999
870,0,1,0.9
871,0,1,0.9
872,1,1,0.9
873,1,1,0.9
874,0,0,0.0999999999999999
875,0,0,0.0999999999999999
876,0,0,0.0999999999999999
877,1,0,0.0999999999999999
878,0,0,0.0999999999999999
879,0,0,0.0999999999999999
880,0,1,0.9
881,0,0,0.0999999999999999
882,0,0,0.0999999999999999
883,0,0,0.0999999999999999
884,0,0,0.0999999999999999
885,0,0,0.0999999999999999
886,0,0,0.0999999999999999
887,0,0,0.0999999999999999
888,0,1,0.9
889,0,0,0.0999999999999999
890,0,0,0.0999999999999999
891,0,0,0.0999999999999999
892,0,1,0.9
893,0,1,0.9
894,1,0,0.0999999999999999
895,0,0,0.0999999999999999
896,0,0,0.0999999999999999
897,1,1,0.9
898,0,1,0.9
899,0,0,0.0999999999999999
900,0,0,0.0999999999999999
901,1,1,0.9
902,0,0,0.0999999999999999
903,1,0,0.0999999999999999
904,0,0,0.0999999999999999
905,0,0,0.0999999999999999
906,1,1,0.9
907,0,0,0.0999999999999999
908,0,0,0.0999999999999999
909,1,1,0.9
910,1,0,0.0999999999999999
911,0,0,0.0999999999999999
912,0,0,0.0999999999999999
913,0,0,0.0999999999999999
914,1,1,0.9
915,0,0,0.0999999999999999
916,0,0,0.0999999999999999
917,0,0,0.0999999999999999
918,0,0,0.0999999999999999
919,0,0,0.0999999999999999
920,0,0,0.0999999999999999
921,0,0,0.0999999999999999
922,0,0,0.0999999999999999
923,0,1,0.9
924,0,0,0.0999999999999999
925,0,0,0.0999999999999999
926,0,1,0.9
927,0,0,0.0999999999999999
928,0,0,0.0999999999999999
929,0,0,0.0999999999999999
930,0,0,0.0999999999999999
931,0,0,0.0999999999999999
932,0,0,0.0999999999999999
933,0,0,0.0999999999999999
934,0,0,0.0999999999999999
935,0,0,0.0999999999999999
936,0,0,0.0999999999999999
937,0,1,0.9
938,0,1,0.9
939,1,0,0.0999999999999999
940,0,0,0.0999999999999999
941,0,0,0.0999999999999999
942,0,0,0.0999999999999999
943,0,0,0.0999999999999999
944,0,0,0.0999999999999999
945,0,0,0.0999999999999999
946,0,0,0.0999999999999999
947,1,1,0.9
948,0,0,0.0999999999999999
949,1,1,0.9
950,0,0,0.0999999999999999
951,0,0,0.0999999999999999
952,0,0,0.0999999999999999
953,0,1,0.9
954,0,0,0.0999999999999999
955,0,0,0.0999999999999999
956,0,0,0.0999999999999999
957,0,0,0.0999999999999999
958,0,0,0.0999999999999999
959,1,0,0.0999999999999999
960,0,0,0.0999999999999999
961,1,0,0.0999999999999999
962,0,0,0.0999999999999999
963,0,0,0.0999999999999999
964,0,0,0.0999999999999999
965,0,0,0.0999999999999999
966,0,0,0.0999999999999999
967,1,0,0.0999999999999999
968,0,0,0.0999999999999999
969,0,0,0.0999999999999999
970,0,0,0.0999999999999999
971,0,0,0.0999999999999999
972,0,0,0.0999999999999999
973,0,0,0.0999999999999999
974,0,0,0.0999999999999999
975,1,1,0.9
976,0,0,0.0999999999999999
977,0,0,0.0999999999999999
978,1,1,0.9
979,0,0,0.0999999999999999
980,0,1,0.9
981,0,0,0.0999999999999999
982,0,0,0.0999999999999999
983,0,0,0.0999999999999999
984,1,1,0.9
985,0,0,0.0999999999999999
986,0,0,0.0999999999999999
987,0,0,0.0999999999999999
988,1,1,0.9
989,0,0,0.0999999999999999
990,0,0,0.0999999999999999
991,1,0,0.0999999999999999
992,0,1,0.9
993,1,1,0.9
994,0,0,0.0999999999999999
995,0,0,0.0999999999999999
996,0,0,0.0999999999999999
997,1,1,0.9
998,0,1,0.9
999,1,0,0.0999999999999999
1000,0,0,0.0999999999999999
1001,0,1,0.9
1002,1,0,0.0999999999999999
1003,0,1,0.9
1004,1,0,0.0999999999999999
1005,0,0,0.0999999999999999
1006,0,0,0.0999999999999999
1007,0,0,0.0999999999999999
1008,0,0,0.0999999999999999
1009,0,0,0.0999999999999999
1010,0,0,0.0999999999999999
1011,0,0,0.0999999999999999
1012,1,0,0.0999999999999999
1013,0,0,0.0999999999999999
1014,0,0,0.0999999999999999
1015,0,0,0.0999999999999999
1016,0,0,0.0999999999999999
1017,0,0,0.0999999999999999
1018,0,0,0.0999999999999999
1019,0,0,0.0999999999999999
1020,0,1,0.9
1021,0,0,0.0999999999999999
1022,0,0,0.0999999999999999
1023,0,0,0.0999999999999999
1024,0,1,0.9
1025,0,0,0.0999999999999999
1026,0,0,0.0999999999999999
1027,0,0,0.0999999999999999
1028,0,0,0.0999999999999999
1029,0,0,0.0999999999999999
1030,1,1,0.9
1031,1,0,0.0999999999999999
1032,0,0,0.0999999999999999
1033,0,1,0.9
1034,0,0,0.0999999999999999
1035,0,0,0.0999999999999999
1036,0,0,0.0999999999999999
1037,0,0,0.0999999999999999
1038,1,0,0.0999999999999999
1039,0,0,0.0999999999999999
1040,0,0,0.0999999999999999
1041,0,0,0.0999999999999999
1042,0,0,0.0999999999999999
1043,1,0,0.0999999999999999
1044,1,1,0.9
1045,0,0,0.0999999999999999
1046,0,0,0.0999999999999999
1047,0,1,0.9
1048,0,0,0.0999999999999999
1049,0,0,0.0999999999999999
1050,0,0,0.0999999999999999
1051,0,0,0.0999999999999999
1052,0,0,0.0999999999999999
1053,0,0,0.0999999999999999
1054,0,0,0.0999999999999999
1055,0,0,0.0999999999999999
1056,1,1,0.9
1057,0,0,0.0999999999999999
1058,0,0,0.0999999999999999
1059,0,0,0.0999999999999999
1060,0,1,0.9
1061,0,0,0.0999999999999999
1062,0,0,0.0999999999999999
1063,0,0,0.0999999999999999
1064,0,1,0.9
1065,1,1,0.9
1066,0,0,0.0999999999999999
1067,0,0,0.0999999999999999
1068,0,0,0.0999999999999999
1069,0,0,0.0999999999999999
1070,0,0,0.0999999999999999
1071,0,0,0.0999999999999999
1072,0,0,0.0999999999999999
1073,0,0,0.0999999999999999
1074,0,0,0.0999999999999999
1075,1,0,0.0999999999999999
1076,0,1,0.9
1077,0,0,0.0999999999999999
1078,0,0,0.0999999999999999
1079,0,0,0.0999999999999999
1080,0,1,0.9
1081,0,0,0.0999999999999999
1082,1,0,0.0999999999999999
1083,0,1,0.9
1084,0,1,0.9
1085,0,0,0.0999999999999999
1086,0,1,0.9
1087,1,1,0.9
1088,0,0,0.0999999999999999
1089,1,0,0.0999999999999999
1090,0,0,0.0999999999999999
1091,0,0,0.0999999999999999
1092,0,1,0.9
1093,0,0,0.0999999999999999
1094,0,0,0.0999999999999999
1095,1,0,0.0999999999999999
1096,0,0,0.0999999999999999
1097,0,0,0.0999999999999999
1098,0,0,0.0999999999999999
1099,0,0,0.0999999999999999
1100,0,0,0.0999999999999999
1101,0,0,0.0999999999999999
1102,1,1,0.9
1103,0,1,0.9
1104,0,0,0.0999999999999999
1105,1,1,0.9
1106,0,0,0.0999999999999999
1107,1,1,0.9
1108,0,0,0.0999999999999999
1109,0,0,0.0999999999999999
1110,1,0,0.0999999999999999
1111,0,0,0.0999999999999999
1112,0,0,0.0999999999999999
1113,0,0,0.0999999999999999
1114,0,0,0.0999999999999999
1115,0,0,0.0999999999999999
1116,0,0,0.0999999999999999
1117,0,0,0.0999999999999999
1118,0,0,0.0999999999999999
1119,0,0,0.0999999999999999
1120,0,0,0.0999999999999999
1121,0,0,0.0999999999999999
1122,0,0,0.0999999999999999
1123,1,1,0.9
1124,0,0,0.0999999999999999
1125,0,0,0.0999999999999999
1126,0,0,0.0999999999999999
1127,0,0,0.0999999999999999
1128,0,0,0.0999999999999999
1129,0,0,0.0999999999999999
1130,1,1,0.9
1131,0,0,0.0999999999999999
1132,0,0,0.0999999999999999
1133,1,0,0.0999999999999999
1134,0,0,0.0999999999999999
1135,0,0,0.0999999999999999
1136,0,0,0.0999999999999999
1137,0,0,0.0999999999999999
1138,0,0,0.0999999999999999
1139,0,0,0.0999999999999999
1140,1,0,0.0999999999999999
1141,1,1,0.9
1142,0,0,0.0999999999999999
1143,0,0,0.0999999999999999
1144,1,0,0.0999999999999999
1145,0,1,0.9
1146,0,0,0.0999999999999999
1147,0,0,0.0999999999999999
1148,0,0,0.0999999999999999
1149,0,1,0.9
1150,0,1,0.9
1151,1,1,0.9
1152,0,0,0.0999999999999999
1153,0,0,0.0999999999999999
1154,0,0,0.0999999999999999
1155,0,0,0.0999999999999999
1156,0,0,0.0999999999999999
1157,0,0,0.0999999999999999
1158,1,0,0.0999999999999999
1159,1,0,0.0999999999999999
1160,0,0,0.0999999999999999
1161,1,0,0.0999999999999999
1162,0,0,0.0999999999999999
1163,0,0,0.0999999999999999
1164,0,0,0.0999999999999999
1165,0,0,0.0999999999999999
1166,0,0,0.0999999999999999
1167,0,0,0.0999999999999999
1168,0,0,0.0999999999999999
1169,0,0,0.0999999999999999
1170,0,0,0.0999999999999999
1171,0,0,0.0999999999999999
1172,0,0,0.0999999999999999
1173,1,0,0.0999999999999999
1174,0,0,0.0999999999999999
1175,0,0,0.0999999999999999
1176,0,0,0.0999999999999999
1177,0,1,0.9
1178,0,0,0.0999999999999999
1179,0,0,0.0999999999999999
1180,1,0,0.0999999999999999
1181,1,0,0.0999999999999999
1182,0,0,0.0999999999999999
1183,0,0,0.0999999999999999
1184,0,0,0.0999999999999999
1185,0,0,0.0999999999999999
1186,0,1,0.9
1187,1,1,0.9
1188,0,1,0.9
1189,0,0,0.0999999999999999
1190,0,0,0.0999999999999999
1191,0,0,0.0999999999999999
1192,0,0,0.0999999999999999
1193,0,0,0.0999999999999999
1194,0,0,0.0999999999999999
1195,0,0,0.0999999999999999
1196,1,0,0.0999999999999999
1197,1,1,0.9
1198,0,0,0.0999999999999999
1199,1,0,0.0999999999999999
1200,1,1,0.9
1201,0,0,0.0999999999999999
1202,0,0,0.0999999999999999
1203,0,0,0.0999999999999999
1204,0,0,0.0999999999999999
1205,0,0,0.0999999999999999
1206,0,0,0.0999999999999999
1207,0,0,0.0999999999999999
1208,0,0,0.0999999999999999
1209,0,1,0.9
1210,0,0,0.0999999999999999
1211,0,0,0.0999999999999999
1212,0,1,0.9
1213,0,0,0.0999999999999999
1214,0,0,0.0999999999999999
1215,1,1,0.9
1216,0,0,0.0999999999999999
1217,0,0,0.0999999999999999
1218,1,1,0.9
1219,0,1,0.9
1220,0,1,0.9
1221,0,0,0.0999999999999999
1222,0,0,0.0999999999999999
1223,0,0,0.0999999999999999
1224,0,0,0.0999999999999999
1225,0,0,0.0999999999999999
1226,0,0,0.0999999999999999
1227,0,0,0.0999999999999999
1228,0,0,0.0999999999999999
1229,1,1,0.9
1230,0,0,0.0999999999999999
1231,0,0,0.0999999999999999
1232,1,0,0.0999999999999999
1233,0,0,0.0999999999999999
1234,1,0,0.0999999999999999
1235,0,0,0.0999999999999999
1236,0,0,0.0999999999999999
1237,0,0,0.0999999999999999
1238,0,0,0.0999999999999999
1239,0,0,0.0999999999999999
1240,0,0,0.0999999999999999
1241,0,0,0.0999999999999999
1242,0,0,0.0999999999999999
1243,0,0,0.0999999999999999
1244,1,0,0.0999999999999999
1245,1,1,0.9
1246,0,1,0.9
1247,0,1,0.9
1248,0,0,0.0999999999999999
1249,1,1,0.9
1250,1,1,0.9
1251,1,1,0.9
1252,0,0,0.0999999999999999
1253,0,1,0.9
1254,0,0,0.0999999999999999
1255,0,0,0.0999999999999999
1256,0,0,0.0999999999999999
1257,0,0,0.0999999999999999
1258,0,0,0.0999999999999999
1259,0,0,0.0999999999999999
1260,0,0,0.0999999999999999
1261,0,0,0.0999999999999999
1262,0,1,0.9
1263,0,0,0.0999999999999999
1264,1,0,0.0999999999999999
1265,0,0,0.0999999999999999
1266,1,0,0.0999999999999999
1267,0,0,0.0999999999999999
1268,0,1,0.9
1269,0,0,0.0999999999999999
1270,0,0,0.0999999999999999
1271,0,0,0.0999999999999999
1272,0,0,0.0999999999999999
1273,0,0,0.0999999999999999
1274,0,0,0.0999999999999999
1275,1,1,0.9
1276,0,0,0.0999999999999999
1277,1,1,0.9
1278,0,0,0.0999999999999999
1279,1,0,0.0999999999999999
1280,0,0,0.0999999999999999
1281,0,1,0.9
1282,0,0,0.0999999999999999
1283,0,0,0.0999999999999999
1284,1,1,0.9
1285,0,0,0.0999999999999999
1286,0,0,0.0999999999999999
1287,0,0,0.0999999999999999
1288,0,0,0.0999999999999999
1289,0,0,0.0999999999999999
1290,0,0,0.0999999999999999
1291,0,0,0.0999999999999999
1292,0,0,0.0999999999999999
1293,0,0,0.0999999999999999
1294,0,0,0.0999999999999999
1295,0,0,0.0999999999999999
1296,0,0,0.0999999999999999
1297,0,0,0.0999999999999999
1298,0,0,0.0999999999999999
1299,1,0,0.0999999999999999
1300,0,1,0.9
1301,0,0,0.0999999999999999
1302,0,0,0.0999999999999999
1303,0,0,0.0999999999999999
1304,0,1,0.9
1305,0,0,0.0999999999999999
1306,0,0,0.0999999999999999
1307,0,1,0.9
1308,0,0,0.0999999999999999
1309,0,0,0.0999999999999999
1310,0,0,0.0999999999999999
1311,0,1,0.9
1312,1,0,0.0999999999999999
1313,0,0,0.0999999999999999
1314,1,1,0.9
1315,0,0,0.0999999999999999
1316,0,0,0.0999999999999999
1317,0,0,0.0999999999999999
1318,0,0,0.0999999999999999
1319,1,1,0.9
1320,0,0,0.0999999999999999
1321,0,0,0.0999999999999999
1322,1,0,0.0999999999999999
1323,0,0,0.0999999999999999
1324,0,0,0.0999999999999999
1325,0,0,0.0999999999999999
1326,0,0,0.0999999999999999
1327,0,0,0.0999999999999999
1328,0,0,0.0999999999999999
1329,0,0,0.0999999999999999
1330,0,0,0.0999999999999999
1331,0,0,0.0999999999999999
1332,0,0,0.0999999999999999
1333,0,0,0.0999999999999999
1334,0,0,0.0999999999999999
1335,0,0,0.0999999999999999
1336,0,0,0.0999999999999999
1337,0,0,0.0999999999999999
1338,0,0,0.0999999999999999
1339,0,0,0.0999999999999999
1340,0,0,0.0999999999999999
1341,0,1,0.9
1342,0,0,0.0999999999999999
1343,1,1,0.9
1344,0,0,0.0999999999999999
1345,0,0,0.0999999999999999
1346,0,0,0.0999999999999999
1347,0,0,0.0999999999999999
1348,0,0,0.0999999999999999
1349,0,0,0.0999999999999999
1350,0,0,0.0999999999999999
1351,0,0,0.0999999999999999
1352,1,1,0.9
1353,0,0,0.0999999999999999
1354,0,0,0.0999999999999999
1355,0,0,0.0999999999999999
1356,0,1,0.9
1357,0,0,0.0999999999999999
1358,0,0,0.0999999999999999
1359,0,0,0.0999999999999999
1360,0,0,0.0999999999999999
1361,1,1,0.9
1362,0,0,0.0999999999999999
1363,0,1,0.9
1364,0,1,0.9
1365,0,0,0.0999999999999999
1366,1,0,0.0999999999999999
1367,0,0,0.0999999999999999
1368,0,0,0.0999999999999999
1369,0,0,0.0999999999999999
1370,0,0,0.0999999999999999
1371,0,0,0.0999999999999999
1372,0,0,0.0999999999999999
1373,0,0,0.0999999999999999
1374,0,0,0.0999999999999999
1375,1,1,0.9
1376,0,1,0.9
1377,0,0,0.0999999999999999
1378,0,0,0.0999999999999999
1379,0,0,0.0999999999999999
1380,0,0,0.0999999999999999
1381,0,1,0.9
1382,1,1,0.9
1383,0,0,0.0999999999999999
1384,0,0,0.0999999999999999
1385,0,1,0.9
1386,0,0,0.0999999999999999
1387,0,0,0.0999999999999999
1388,0,0,0.0999999999999999
1389,0,1,0.9
1390,0,0,0.0999999999999999
1391,0,0,0.0999999999999999
1392,0,0,0.0999999999999999
1393,0,0,0.0999999999999999
1394,0,0,0.0999999999999999
1395,1,0,0.0999999999999999
1396,1,1,0.9
1397,0,1,0.9
1398,0,0,0.0999999999999999
1399,0,0,0.0999999999999999
1400,0,0,0.0999999999999999
1401,0,0,0.0999999999999999
1402,0,0,0.0999999999999999
1403,0,0,0.0999999999999999
1404,0,0,0.0999999999999999
1405,0,1,0.9
1406,0,1,0.9
1407,1,0,0.0999999999999999
1408,0,0,0.0999999999999999
1409,0,0,0.0999999999999999
1410,1,1,0.9
1411,0,1,0.9
1412,0,0,0.0999999999999999
1413,0,0,0.0999999999999999
1414,0,0,0.0999999999999999
1415,0,0,0.0999999999999999
1416,0,0,0.0999999999999999
1417,1,1,0.9
1418,0,0,0.0999999999999999
1419,0,1,0.9
1420,0,0,0.0999999999999999
1421,0,0,0.0999999999999999
1422,0,0,0.0999999999999999
1423,0,0,0.0999999999999999
1424,0,0,0.0999999999999999
1425,0,0,0.0999999999999999
1426,0,1,0.9
1427,0,0,0.0999999999999999
1428,0,0,0.0999999999999999
1429,1,1,0.9
1430,0,0,0.0999999999999999
1431,0,0,0.0999999999999999
1432,0,0,0.0999999999999999
1433,0,0,0.0999999999999999
1434,0,0,0.0999999999999999
1435,0,0,0.0999999999999999
1436,0,0,0.0999999999999999
1437,0,0,0.0999999999999999
1438,0,0,0.0999999999999999
1439,0,0,0.0999999999999999
1440,0,0,0.0999999999999999
1441,0,0,0.0999999999999999
1442,0,1,0.9
1443,0,0,0.0999999999999999
1444,0,0,0.0999999999999999
1445,0,1,0.9
1446,0,0,0.0999999999999999
1447,1,0,0.0999999999999999
1448,0,0,0.0999999999999999
1449,1,0,0.0999999999999999
1450,0,0,0.0999999999999999
1451,0,0,0.0999999999999999
1452,0,0,0.0999999999999999
1453,0,0,0.0999999999999999
1454,0,0,0.0999999999999999
1455,0,0,0.0999999999999999
1456,0,0,0.0999999999999999
1457,1,1,0.9
1458,1,0,0.0999999999999999
1459,0,0,0.0999999999999999
1460,1,0,0.0999999999999999
1461,0,0,0.0999999999999999
1462,0,0,0.0999999999999999
1463,0,0,0.0999999999999999
1464,0,0,0.0999999999999999
1465,0,0,0.0999999999999999
1466,0,0,0.0999999999999999
1467,0,0,0.0999999999999999
1468,0,0,0.0999999999999999
1469,0,0,0.0999999999999999
1470,1,1,0.9
1471,0,0,0.0999999999999999
1472,0,1,0.9
1473,0,0,0.0999999999999999
1474,0,0,0.0999999999999999
1475,0,0,0.0999999999999999
1476,0,0,0.0999999999999999
1477,1,1,0.9
1478,0,0,0.0999999999999999
1479,0,0,0.0999999999999999
1480,0,0,0.0999999999999999
1481,0,0,0.0999999999999999
1482,0,0,0.0999999999999999
1483,0,0,0.0999999999999999
1484,0,0,0.0999999999999999
1485,1,1,0.9
1486,0,1,0.9
1487,0,0,0.0999999999999999
1488,0,0,0.0999999999999999
1489,0,0,0.0999999999999999
1490,0,0,0.0999999999999999
1491,0,0,0.0999999999999999
1492,0,0,0.0999999999999999
1493,0,0,0.0999999999999999
1494,0,0,0.0999999999999999
1495,0,0,0.0999999999999999
1496,1,0,0.0999999999999999
1497,1,1,0.9
1498,0,0,0.0999999999999999
1499,0,0,0.0999999999999999
1500,0,0,0.0999999999999999
1501,0,0,0.0999999999999999
1502,0,0,0.0999999999999999
1503,0,0,0.0999999999999999
1504,0,0,0.0999999999999999
1505,0,0,0.0999999999999999
1506,0,0,0.0999999999999999
1507,0,0,0.0999999999999999
1508,1,1,0.9
1509,0,0,0.0999999999999999
1510,0,0,0.0999999999999999
1511,0,0,0.0999999999999999
1512,0,0,0.0999999999999999
1513,0,0,0.0999999999999999
1514,0,0,0.0999999999999999
1515,1,0,0.0999999999999999
1516,1,0,0.0999999999999999
1517,0,0,0.0999999999999999
1518,1,1,0.9
1519,0,0,0.0999999999999999
1520,0,0,0.0999999999999999
1521,1,1,0.9
1522,0,0,0.0999999999999999
1523,0,0,0.0999999999999999
1524,0,0,0.0999999999999999
1525,1,0,0.0999999999999999
1526,1,1,0.9
1527,0,0,0.0999999999999999
1528,1,1,0.9
1529,0,0,0.0999999999999999
1530,1,1,0.9
1531,0,0,0.0999999999999999
1532,0,0,0.0999999999999999
1533,0,0,0.0999999999999999
1534,0,0,0.0999999999999999
1535,0,0,0.0999999999999999
1536,0,0,0.0999999999999999
1537,0,0,0.0999999999999999
1538,0,1,0.9
1539,0,0,0.0999999999999999
1540,1,1,0.9
1541,1,0,0.0999999999999999
1542,1,0,0.0999999999999999
1543,0,1,0.9
1544,0,0,0.0999999999999999
1545,0,0,0.0999999999999999
1546,0,0,0.0999999999999999
1547,0,0,0.0999999999999999
1548,0,1,0.9
1549,0,0,0.0999999999999999
1550,0,0,0.0999999999999999
1551,1,1,0.9
1552,0,0,0.0999999999999999
1553,0,0,0.0999999999999999
1554,0,0,0.0999999999999999
1555,0,0,0.0999999999999999
1556,0,0,0.0999999999999999
1557,1,0,0.0999999999999999
1558,0,0,0.0999999999999999
1559,0,0,0.0999999999999999
1560,0,0,0.0999999999999999
1561,0,0,0.0999999999999999
1562,0,1,0.9
1563,0,0,0.0999999999999999
1564,0,0,0.0999999999999999
1565,1,1,0.9
1566,0,0,0.0999999999999999
1567,0,1,0.9
1568,0,0,0.0999999999999999
1569,0,0,0.0999999999999999
1570,0,0,0.0999999999999999
1571,0,0,0.0999999999999999
1572,0,1,0.9
1573,0,0,0.0999999999999999
1574,0,0,0.0999999999999999
1575,0,0,0.0999999999999999
1576,1,0,0.0999999999999999
1577,0,1,0.9
1578,1,0,0.0999999999999999
1579,0,0,0.0999999999999999
1580,0,0,0.0999999999999999
1581,0,0,0.0999999999999999
1582,0,0,0.0999999999999999
1583,0,0,0.0999999999999999
1584,1,1,0.9
1585,0,0,0.0999999999999999
1586,0,0,0.0999999999999999
1587,1,0,0.0999999999999999
1588,0,0,0.0999999999999999
1589,1,0,0.0999999999999999
1590,0,0,0.0999999999999999
1591,0,0,0.0999999999999999
1592,0,0,0.0999999999999999
1593,0,0,0.0999999999999999
1594,1,1,0.9
1595,0,0,0.0999999999999999
1596,0,0,0.0999999999999999
1597,0,0,0.0999999999999999
1598,0,0,0.0999999999999999
1599,0,0,0.0999999999999999
1600,0,1,0.9
1601,0,0,0.0999999999999999
1602,1,1,0.9
1603,0,0,0.0999999999999999
1604,0,0,0.0999999999999999
1605,0,1,0.9
1606,0,0,0.0999999999999999
1607,0,0,0.0999999999999999
1608,0,0,0.0999999999999999
1609,0,0,0.0999999999999999
1610,0,1,0.9
1611,1,1,0.9
1612,0,0,0.0999999999999999
1613,1,1,0.9
1614,0,1,0.9
1615,0,0,0.0999999999999999
1616,1,1,0.9
1617,1,1,0.9
1618,0,0,0.0999999999999999
1619,1,1,0.9
1620,0,1,0.9
1621,0,0,0.0999999999999999
1622,0,0,0.0999999999999999
1623,0,0,0.0999999999999999
1624,0,0,0.0999999999999999
1625,0,0,0.0999999999999999
1626,1,1,0.9
1627,0,0,0.0999999999999999
1628,0,1,0.9
1629,0,0,0.0999999999999999
1630,0,0,0.0999999999999999
1631,0,0,0.0999999999999999
1632,0,0,0.0999999999999999
1633,0,0,0.0999999999999999
1634,1,0,0.0999999999999999
1635,0,0,0.0999999999999999
1636,0,0,0.0999999999999999
1637,0,1,0.9
1638,0,0,0.0999999999999999
1639,1,1,0.9
1640,0,0,0.0999999999999999
1641,0,0,0.0999999999999999
1642,0,1,0.9
1643,0,0,0.0999999999999999
1644,0,0,0.0999999999999999
1645,1,0,0.0999999999999999
1646,0,0,0.0999999999999999
1647,0,0,0.0999999999999999
1648,0,0,0.0999999999999999
1649,0,0,0.0999999999999999
1650,0,0,0.0999999999999999
1651,0,0,0.0999999999999999
1652,0,0,0.0999999999999999
1653,0,0,0.0999999999999999
1654,0,1,0.9
1655,1,1,0.9
1656,1,0,0.0999999999999999
1657,0,0,0.0999999999999999
1658,0,1,0.9
1659,0,0,0.0999999999999999
1660,0,0,0.0999999999999999
1661,0,0,0.0999999999999999
1662,0,0,0.0999999999999999
1663,0,0,0.0999999999999999
1664,0,0,0.0999999999999999
1665,0,0,0.0999999999999999
1666,0,0,0.0999999999999999
1667,0,0,0.0999999999999999
1668,1,1,0.9
1669,0,0,0.0999999999999999
1670,0,0,0.0999999999999999
1671,0,0,0.0999999999999999
1672,0,0,0.0999999999999999
1673,1,1,0.9
1674,1,0,0.0999999999999999
1675,0,0,0.0999999999999999
1676,0,0,0.0999999999999999
1677,1,1,0.9
1678,1,0,0.0999999999999999
1679,0,0,0.0999999999999999
1680,0,0,0.0999999999999999
1681,1,0,0.0999999999999999
1682,0,0,0.0999999999999999
1683,1,1,0.9
1684,0,1,0.9
1685,0,0,0.0999999999999999
1686,0,0,0.0999999999999999
1687,0,0,0.0999999999999999
1688,0,0,0.0999999999999999
1689,0,0,0.0999999999999999
1690,0,0,0.0999999999999999
1691,0,0,0.0999999999999999
1692,0,0,0.0999999999999999
1693,0,0,0.0999999999999999
1694,0,0,0.0999999999999999
1695,0,0,0.0999999999999999
1696,0,0,0.0999999999999999
1697,1,1,0.9
1698,0,0,0.0999999999999999
1699,1,0,0.0999999999999999
1700,0,0,0.0999999999999999
1701,0,0,0.0999999999999999
1702,0,0,0.0999999999999999
1703,0,1,0.9
1704,0,0,0.0999999999999999
1705,0,0,0.0999999999999999
1706,0,1,0.9
1707,0,0,0.0999999999999999
1708,1,1,0.9
1709,0,0,0.0999999999999999
1710,1,0,0.0999999999999999
1711,0,0,0.0999999999999999
1712,0,0,0.0999999999999999
1713,1,1,0.9
1714,0,0,0.0999999999999999
1715,1,1,0.9
1716,0,0,0.0999999999999999
1717,0,0,0.0999999999999999
1718,0,0,0.0999999999999999
1719,0,0,0.0999999999999999
1720,0,0,0.0999999999999999
1721,0,0,0.0999999999999999
1722,0,0,0.0999999999999999
1723,0,0,0.0999999999999999
1724,0,0,0.0999999999999999
1725,0,0,0.0999999999999999
1726,0,0,0.0999999999999999
1727,0,0,0.0999999999999999
1728,0,0,0.0999999999999999
1729,0,0,0.0999999999999999
1730,0,0,0.0999999999999999
1731,1,0,0.0999999999999999
1732,0,0,0.0999999999999999
1733,0,0,0.0999999999999999
1734,0,0,0.0999999999999999
1735,0,1,0.9
1736,0,0,0.0999999999999999
1737,0,0,0.0999999999999999
1738,0,0,0.0999999999999999
1739,0,0,0.0999999999999999
1740,0,0,0.0999999999999999
1741,1,1,0.9
1742,1,1,0.9
1743,0,0,0.0999999999999999
1744,0,1,0.9
1745,0,0,0.0999999999999999
1746,0,0,0.0999999999999999
1747,0,0,0.0999999999999999
1748,0,0,0.0999999999999999
1749,1,1,0.9
1750,0,0,0.0999999999999999
1751,1,0,0.0999999999999999
1752,0,1,0.9
1753,0,0,0.0999999999999999
1754,0,0,0.0999999999999999
1755,0,0,0.0999999999999999
1756,0,0,0.0999999999999999
1757,0,0,0.0999999999999999
1758,0,1,0.9
1759,0,0,0.0999999999999999
1760,0,0,0.0999999999999999
1761,0,1,0.9
1762,1,1,0.9
1763,0,0,0.0999999999999999
1764,0,0,0.0999999999999999
1765,0,0,0.0999999999999999
1766,0,1,0.9
1767,0,0,0.0999999999999999
1768,0,0,0.0999999999999999
1769,1,0,0.0999999999999999
1770,0,0,0.0999999999999999
1771,0,0,0.0999999999999999
1772,1,1,0.9
1773,0,0,0.0999999999999999
1774,0,0,0.0999999999999999
1775,0,0,0.0999999999999999
1776,0,0,0.0999999999999999
1777,0,0,0.0999999999999999
1778,0,0,0.0999999999999999
1779,0,0,0.0999999999999999
1780,0,0,0.0999999999999999
1781,0,0,0.0999999999999999
1782,0,0,0.0999999999999999
1783,0,0,0.0999999999999999
1784,1,0,0.0999999999999999
1785,1,0,0.0999999999999999
1786,0,0,0.0999999999999999
1787,0,0,0.0999999999999999
1788,0,0,0.0999999999999999
1789,0,0,0.0999999999999999
1790,0,0,0.0999999999999999
1791,0,0,0.0999999999999999
1792,0,1,0.9
1793,0,0,0.0999999999999999
1794,0,1,0.9
1795,0,0,0.0999999999999999
1796,1,0,0.0999999999999999
1797,1,1,0.9
1798,0,0,0.0999999999999999
1799,0,0,0.0999999999999999
1800,0,0,0.0999999999999999
1801,0,0,0.0999999999999999
1802,0,0,0.0999999999999999
1803,0,0,0.0999999999999999
1804,0,1,0.9
1805,0,0,0.0999999999999999
1806,0,0,0.0999999999999999
1807,0,1,0.9
1808,0,0,0.0999999999999999
1809,1,0,0.0999999999999999
1810,0,0,0.0999999999999999
1811,0,0,0.0999999999999999
1812,0,0,0.0999999999999999
1813,0,0,0.0999999999999999
1814,0,0,0.0999999999999999
1815,0,0,0.0999999999999999
1816,1,1,0.9
1817,0,0,0.0999999999999999
1818,0,0,0.0999999999999999
1819,0,0,0.0999999999999999
1820,0,1,0.9
1821,1,1,0.9
1822,0,0,0.0999999999999999
1823,0,0,0.0999999999999999
1824,0,0,0.0999999999999999
1825,0,0,0.0999999999999999
1826,0,0,0.0999999999999999
1827,0,1,0.9
1828,1,0,0.0999999999999999
1829,0,1,0.9
1830,0,0,0.0999999999999999
1831,0,1,0.9
1832,0,0,0.0999999999999999
1833,0,0,0.0999999999999999
1834,0,0,0.0999999999999999
1835,0,0,0.0999999999999999
1836,0,0,0.0999999999999999
1837,0,0,0.0999999999999999
1838,0,0,0.0999999999999999
1839,1,0,0.0999999999999999
1840,0,0,0.0999999999999999
1841,0,0,0.0999999999999999
1842,0,0,0.0999999999999999
1843,0,0,0.0999999999999999
1844,0,0,0.0999999999999999
1845,1,1,0.9
1846,0,0,0.0999999999999999
1847,0,0,0.0999999999999999
1848,0,0,0.0999999999999999
1849,1,1,0.9
1850,1,1,0.9
1851,0,0,0.0999999999999999
1852,1,1,0.9
1853,0,0,0.0999999999999999
1854,0,0,0.0999999999999999
1855,0,0,0.0999999999999999
1856,0,0,0.0999999999999999
1857,0,0,0.0999999999999999
1858,0,0,0.0999999999999999
1859,0,0,0.0999999999999999
1860,0,0,0.0999999999999999
1861,1,0,0.0999999999999999
1862,0,0,0.0999999999999999
1863,1,0,0.0999999999999999
1864,0,1,0.9
1865,0,0,0.0999999999999999
1866,0,0,0.0999999999999999
1867,0,0,0.0999999999999999
1868,0,0,0.0999999999999999
1869,0,0,0.0999999999999999
1870,0,0,0.0999999999999999
1871,1,0,0.0999999999999999
1872,0,1,0.9
1873,1,0,0.0999999999999999
1874,0,0,0.0999999999999999
1875,1,1,0.9
1876,0,1,0.9
1877,0,1,0.9
1878,0,0,0.0999999999999999
1879,0,0,0.0999999999999999
1880,0,0,0.0999999999999999
1881,0,0,0.0999999999999999
1882,0,0,0.0999999999999999
1883,0,0,0.0999999999999999
1884,0,0,0.0999999999999999
1885,0,0,0.0999999999999999
1886,0,1,0.9
1887,0,0,0.0999999999999999
1888,0,0,0.0999999999999999
1889,1,0,0.0999999999999999
1890,0,0,0.0999999999999999
1891,1,1,0.9
1892,0,0,0.0999999999999999
1893,0,0,0.0999999999999999
1894,0,0,0.0999999999999999
1895,1,1,0.9
1896,0,0,0.0999999999999999
1897,0,0,0.0999999999999999
1898,0,0,0.0999999999999999
1899,0,0,0.0999999999999999
1900,0,0,0.0999999999999999
1901,0,0,0.0999999999999999
1902,0,0,0.0999999999999999
1903,0,1,0.9
1904,0,0,0.0999999999999999
1905,0,0,0.0999999999999999
1906,1,1,0.9
1907,0,0,0.0999999999999999
1908,0,0,0.0999999999999999
1909,0,0,0.0999999999999999
1910,0,0,0.0999999999999999
1911,1,0,0.0999999999999999
1912,0,0,0.0999999999999999
1913,0,0,0.0999999999999999
1914,0,1,0.9
1915,0,0,0.0999999999999999
1916,0,0,0.0999999999999999
1917,0,0,0.0999999999999999
1918,0,0,0.0999999999999999
1919,0,0,0.0999999999999999
1920,0,0,0.0999999999999999
1921,0,0,0.0999999999999999
1922,0,1,0.9
1923,0,0,0.0999999999999999
1924,1,1,0.9
1925,0,1,0.9
1926,0,0,0.0999999999999999
1927,0,0,0.0999999999999999
1928,1,1,0.9
1929,0,0,0.0999999999999999
1930,0,0,0.0999999999999999
1931,0,0,0.0999999999999999
1932,0,0,0.0999999999999999
1933,0,1,0.9
1934,0,0,0.0999999999999999
1935,0,0,0.0999999999999999
1936,1,1,0.9
1937,1,0,0.0999999999999999
1938,0,0,0.0999999999999999
1939,1,0,0.0999999999999999
1940,0,0,0.0999999999999999
1941,0,0,0.0999999999999999
1942,0,0,0.0999999999999999
1943,0,0,0.0999999999999999
1944,1,0,0.0999999999999999
1945,1,0,0.0999999999999999
1946,0,1,0.9
1947,0,1,0.9
1948,0,0,0.0999999999999999
1949,0,0,0.0999999999999999
1950,0,1,0.9
1951,0,0,0.0999999999999999
1952,0,0,0.0999999999999999
1953,0,0,0.0999999999999999
1954,1,1,0.9
1955,0,0,0.0999999999999999
1956,0,0,0.0999999999999999
1957,0,0,0.0999999999999999
1958,0,0,0.0999999999999999
1959,0,0,0.0999999999999999
1960,1,0,0.0999999999999999
1961,0,0,0.0999999999999999
1962,0,0,0.0999999999999999
1963,1,0,0.0999999999999999
1964,0,0,0.0999999999999999
1965,0,0,0.0999999999999999
1966,0,1,0.9
1967,0,1,0.9
1968,0,0,0.0999999999999999
1969,1,0,0.0999999999999999
1970,0,0,0.0999999999999999
1971,1,0,0.0999999999999999
1972,0,0,0.0999999999999999
1973,0,0,0.0999999999999999
1974,0,0,0.0999999999999999
1975,0,0,0.0999999999999999
1976,0,0,0.0999999999999999
1977,1,0,0.0999999999999999
1978,1,1,0.9
1979,0,0,0.0999999999999999
1980,0,0,0.0999999999999999
1981,0,0,0.0999999999999999
1982,0,0,0.0999999999999999
1983,0,0,0.0999999999999999
1984,0,0,0.0999999999999999
1985,1,1,0.9
1986,0,0,0.0999999999999999
1987,0,0,0.0999999999999999
1988,0,0,0.0999999999999999
1989,0,0,0.0999999999999999
1990,0,0,0.0999999999999999
1991,0,1,0.9
1992,0,1,0.9
1993,0,0,0.0999999999999999
1994,0,0,0.0999999999999999
1995,0,0,0.0999999999999999
1996,1,1,0.9
1997,0,1,0.9
1998,1,1,0.9
1999,0,0,0.0999999999999999
2000,0,0,0.0999999999999999
2001,0,0,0.0999999999999999
2002,0,0,0.0999999999999999
2003,0,0,0.0999999999999999
2004,0,0,0.0999999999999999
2005,1,0,0.0999999999999999
2006,0,1,0.9
2007,1,0,0.0999999999999999
2008,0,0,0.0999999999999999
2009,1,0,0.0999999999999999
2010,1,1,0.9
2011,1,1,0.9
2012,0,0,0.0999999999999999
2013,0,0,0.0999999999999999
2014,0,0,0.0999999999999999
2015,0,0,0.0999999999999999
2016,0,0,0.0999999999999999
2017,0,0,0.0999999999999999
2018,1,1,0.9
2019,0,0,0.0999999999999999
2020,0,0,0.0999999999999999
2021,0,0,0.0999999999999999
2022,0,0,0.0999999999999999
2023,0,1,0.9
2024,1,0,0.0999999999999999
2025,0,0,0.0999999999999999
2026,0,0,0.0999999999999999
2027,1,0,0.0999999999999999
2028,0,1,0.9
2029,0,1,0.9
2030,0,0,0.0999999999999999
2031,0,0,0.0999999999999999
2032,0,0,0.0999999999999999
2033,0,0,0.0999999999999999
2034,0,0,0.0999999999999999
2035,0,1,0.9
2036,0,1,0.9
2037,0,0,0.0999999999999999
2038,0,0,0.0999999999999999
2039,0,0,0.0999999999999999
2040,0,0,0.0999999999999999
2041,0,1,0.9
2042,0,0,0.0999999999999999
2043,0,0,0.0999999999999999
2044,0,0,0.0999999999999999
2045,0,0,0.0999999999999999
2046,0,0,0.0999999999999999
2047,0,0,0.0999999999999999
2048,0,0,0.0999999999999999
2049,0,0,0.0999999999999999
2050,0,0,0.0999999999999999
2051,0,0,0.0999999999999999
2052,0,0,0.0999999999999999
2053,0,0,0.0999999999999999
2054,0,0,0.0999999999999999
2055,0,1,0.9
2056,0,0,0.0999999999999999
2057,0,0,0.0999999999999999
2058,0,0,0.0999999999999999
2059,0,0,0.0999999999999999
2060,0,0,0.0999999999999999
2061,1,1,0.9
2062,1,0,0.0999999999999999
2063,0,0,0.0999999999999999
2064,0,0,0.0999999999999999
2065,0,1,0.9
2066,0,0,0.0999999999999999
2067,0,0,0.0999999999999999
2068,0,0,0.0999999999999999
2069,0,1,0.9
2070,0,1,0.9
2071,1,1,0.9
2072,0,0,0.0999999999999999
2073,0,0,0.0999999999999999
2074,0,0,0.0999999999999999
2075,1,1,0.9
2076,0,0,0.0999999999999999
2077,0,1,0.9
2078,0,0,0.0999999999999999
2079,0,1,0.9
2080,0,0,0.0999999999999999
2081,0,0,0.0999999999999999
2082,1,1,0.9
2083,1,1,0.9
2084,0,0,0.0999999999999999
2085,0,0,0.0999999999999999
2086,1,1,0.9
2087,1,0,0.0999999999999999
2088,0,0,0.0999999999999999
2089,1,1,0.9
2090,0,0,0.0999999999999999
2091,0,0,0.0999999999999999
2092,1,1,0.9
2093,0,0,0.0999999999999999
2094,0,0,0.0999999999999999
2095,0,0,0.0999999999999999
2096,0,0,0.0999999999999999
2097,0,0,0.0999999999999999
2098,0,0,0.0999999999999999
2099,0,0,0.0999999999999999
2100,0,0,0.0999999999999999
2101,0,0,0.0999999999999999
2102,1,0,0.0999999999999999
2103,0,0,0.0999999999999999
2104,0,0,0.0999999999999999
2105,0,0,0.0999999999999999
2106,0,0,0.0999999999999999
2107,0,0,0.0999999999999999
2108,0,0,0.0999999999999999
2109,0,0,0.0999999999999999
2110,0,0,0.0999999999999999
2111,0,0,0.0999999999999999
2112,0,0,0.0999999999999999
2113,0,0,0.0999999999999999
2114,0,0,0.0999999999999999
2115,0,0,0.0999999999999999
2116,0,1,0.9
2117,0,1,0.9
2118,0,0,0.0999999999999999
2119,0,0,0.0999999999999999
2120,0,0,0.0999999999999999
2121,0,0,0.0999999999999999
2122,0,0,0.0999999999999999
2123,1,1,0.9
2124,0,0,0.0999999999999999
2125,0,1,0.9
2126,0,0,0.0999999999999999
2127,0,0,0.0999999999999999
2128,0,0,0.0999999999999999
2129,0,0,0.0999999999999999
2130,0,0,0.0999999999999999
2131,1,0,0.0999999999999999
2132,0,0,0.0999999999999999
2133,0,0,0.0999999999999999
2134,0,0,0.0999999999999999
2135,0,0,0.0999999999999999
2136,0,0,0.0999999999999999
2137,0,0,0.0999999999999999
2138,0,1,0.9
2139,0,0,0.0999999999999999
2140,0,0,0.0999999999999999
2141,1,1,0.9
2142,0,0,0.0999999999999999
2143,1,1,0.9
2144,0,0,0.0999999999999999
2145,0,0,0.0999999999999999
2146,0,0,0.0999999999999999
2147,0,1,0.9
2148,0,0,0.0999999999999999
2149,0,0,0.0999999999999999
2150,0,0,0.0999999999999999
2151,0,0,0.0999999999999999
2152,0,1,0.9
2153,0,0,0.0999999999999999
2154,1,1,0.9
2155,0,1,0.9
2156,0,0,0.0999999999999999
2157,0,0,0.0999999999999999
2158,1,1,0.9
2159,0,0,0.0999999999999999
2160,0,0,0.0999999999999999
2161,0,0,0.0999999999999999
2162,0,0,0.0999999999999999
2163,0,0,0.0999999999999999
2164,0,0,0.0999999999999999
2165,0,0,0.0999999999999999
2166,0,0,0.0999999999999999
2167,0,0,0.0999999999999999
2168,0,0,0.0999999999999999
2169,0,0,0.0999999999999999
2170,0,0,0.0999999999999999
2171,0,0,0.0999999999999999
2172,0,1,0.9
2173,0,0,0.0999999999999999
2174,0,0,0.0999999999999999
2175,0,0,0.0999999999999999
2176,0,1,0.9
2177,0,0,0.0999999999999999
2178,0,1,0.9
2179,0,0,0.0999999999999999
2180,1,0,0.0999999999999999
2181,0,0,0.0999999999999999
2182,1,0,0.0999999999999999
2183,0,1,0.9
2184,0,0,0.0999999999999999
2185,0,0,0.0999999999999999
2186,1,0,0.0999999999999999
2187,0,0,0.0999999999999999
2188,0,0,0.0999999999999999
2189,0,1,0.9
2190,0,0,0.0999999999999999
2191,1,0,0.0999999999999999
2192,0,0,0.0999999999999999
2193,1,1,0.9
2194,0,0,0.0999999999999999
2195,0,1,0.9
2196,0,0,0.0999999999999999
2197,0,0,0.0999999999999999
2198,1,1,0.9
2199,0,0,0.0999999999999999
2200,0,0,0.0999999999999999
2201,1,0,0.0999999999999999
2202,0,0,0.0999999999999999
2203,0,0,0.0999999999999999
2204,0,0,0.0999999999999999
2205,0,0,0.0999999999999999
2206,0,0,0.0999999999999999
2207,0,0,0.0999999999999999
2208,1,0,0.0999999999999999
2209,0,0,0.0999999999999999
2210,0,0,0.0999999999999999
2211,1,1,0.9
2212,0,0,0.0999999999999999
2213,0,0,0.0999999999999999
2214,0,1,0.9
2215,0,0,0.0999999999999999
2216,0,1,0.9
2217,0,0,0.0999999999999999
2218,0,0,0.0999999999999999
2219,0,0,0.0999999999999999
2220,0,0,0.0999999999999999
2221,1,0,0.0999999999999999
2222,0,0,0.0999999999999999
2223,1,0,0.0999999999999999
2224,0,0,0.0999999999999999
2225,0,0,0.0999999999999999
2226,0,0,0.0999999999999999
2227,0,0,0.0999999999999999
2228,0,0,0.0999999999999999
2229,0,0,0.0999999999999999
2230,1,0,0.0999999999999999
2231,1,1,0.9
2232,1,0,0.0999999999999999
2233,1,1,0.9
2234,0,1,0.9
2235,1,0,0.0999999999999999
2236,1,1,0.9
2237,1,0,0.0999999999999999
2238,0,0,0.0999999999999999
2239,0,0,0.0999999999999999
2240,1,1,0.9
2241,1,1,0.9
2242,0,0,0.0999999999999999
2243,0,0,0.0999999999999999
2244,0,0,0.0999999999999999
2245,0,0,0.0999999999999999
2246,0,0,0.0999999999999999
2247,0,1,0.9
2248,0,0,0.0999999999999999
2249,0,0,0.0999999999999999
2250,0,0,0.0999999999999999
2251,0,1,0.9
2252,0,0,0.0999999999999999
2253,0,0,0.0999999999999999
2254,0,0,0.0999999999999999
2255,0,0,0.0999999999999999
2256,0,0,0.0999999999999999
2257,0,0,0.0999999999999999
2258,0,0,0.0999999999999999
2259,0,0,0.0999999999999999
2260,1,0,0.0999999999999999
2261,0,0,0.0999999999999999
2262,0,0,0.0999999999999999
2263,0,0,0.0999999999999999
2264,0,0,0.0999999999999999
2265,0,0,0.0999999999999999
2266,0,1,0.9
2267,0,0,0.0999999999999999
2268,0,0,0.0999999999999999
2269,1,0,0.0999999999999999
2270,0,0,0.0999999999999999
2271,0,0,0.0999999999999999
2272,0,1,0.9
2273,0,0,0.0999999999999999
2274,0,0,0.0999999999999999
2275,0,1,0.9
2276,0,0,0.0999999999999999
2277,0,1,0.9
2278,0,0,0.0999999999999999
2279,0,0,0.0999999999999999
2280,0,0,0.0999999999999999
2281,0,0,0.0999999999999999
2282,0,0,0.0999999999999999
2283,0,0,0.0999999999999999
2284,0,1,0.9
2285,0,1,0.9
2286,0,0,0.0999999999999999
2287,0,1,0.9
2288,1,0,0.0999999999999999
2289,0,0,0.0999999999999999
2290,1,0,0.0999999999999999
2291,0,0,0.0999999999999999
2292,0,0,0.0999999999999999
2293,0,0,0.0999999999999999
2294,0,0,0.0999999999999999
2295,0,0,0.0999999999999999
2296,0,0,0.0999999999999999
2297,1,1,0.9
2298,0,0,0.0999999999999999
2299,0,0,0.0999999999999999
2300,0,0,0.0999999999999999
2301,0,0,0.0999999999999999
2302,0,0,0.0999999999999999
2303,0,1,0.9
2304,1,1,0.9
2305,0,0,0.0999999999999999
2306,1,1,0.9
2307,0,0,0.0999999999999999
2308,1,1,0.9
2309,0,0,0.0999999999999999
2310,1,0,0.0999999999999999
2311,0,0,0.0999999999999999
2312,1,0,0.0999999999999999
2313,0,0,0.0999999999999999
2314,1,1,0.9
2315,0,0,0.0999999999999999
2316,0,1,0.9
2317,0,0,0.0999999999999999
2318,0,0,0.0999999999999999
2319,0,0,0.0999999999999999
2320,0,0,0.0999999999999999
2321,0,0,0.0999999999999999
2322,0,0,0.0999999999999999
2323,0,0,0.0999999999999999
2324,1,0,0.0999999999999999
2325,0,0,0.0999999999999999
2326,0,0,0.0999999999999999
2327,1,0,0.0999999999999999
2328,0,1,0.9
2329,0,0,0.0999999999999999
2330,0,0,0.0999999999999999
2331,0,0,0.0999999999999999
2332,0,0,0.0999999999999999
2333,0,1,0.9
2334,0,0,0.0999999999999999
2335,0,0,0.0999999999999999
2336,0,1,0.9
2337,0,0,0.0999999999999999
2338,0,0,0.0999999999999999
2339,0,0,0.0999999999999999
2340,0,0,0.0999999999999999
2341,1,1,0.9
2342,0,0,0.0999999999999999
2343,0,0,0.0999999999999999
2344,0,1,0.9
2345,1,0,0.0999999999999999
2346,0,0,0.0999999999999999
2347,0,1,0.9
2348,0,1,0.9
2349,0,0,0.0999999999999999
2350,0,0,0.0999999999999999
2351,0,0,0.0999999999999999
2352,0,0,0.0999999999999999
2353,0,0,0.0999999999999999
2354,0,1,0.9
2355,1,0,0.0999999999999999
2356,1,0,0.0999999999999999
2357,0,0,0.0999999999999999
2358,0,0,0.0999999999999999
2359,0,0,0.0999999999999999
2360,0,0,0.0999999999999999
2361,0,0,0.0999999999999999
2362,0,0,0.0999999999999999
2363,0,0,0.0999999999999999
2364,1,1,0.9
2365,0,0,0.0999999999999999
2366,1,0,0.0999999999999999
2367,0,1,0.9
2368,0,0,0.0999999999999999
2369,0,0,0.0999999999999999
2370,0,0,0.0999999999999999
2371,1,0,0.0999999999999999
2372,0,0,0.0999999999999999
2373,0,0,0.0999999999999999
2374,0,0,0.0999999999999999
2375,0,1,0.9
2376,0,1,0.9
2377,0,0,0.0999999999999999
2378,0,0,0.0999999999999999
2379,0,0,0.0999999999999999
2380,0,0,0.0999999999999999
2381,0,0,0.0999999999999999
2382,0,0,0.0999999999999999
2383,0,0,0.0999999999999999
2384,1,0,0.0999999999999999
2385,0,1,0.9
2386,0,0,0.0999999999999999
2387,0,1,0.9
2388,0,0,0.0999999999999999
2389,0,1,0.9
2390,1,1,0.9
2391,0,0,0.0999999999999999
2392,1,1,0.9
2393,0,0,0.0999999999999999
2394,0,0,0.0999999999999999
2395,0,0,0.0999999999999999
2396,1,1,0.9
2397,0,0,0.0999999999999999
2398,0,0,0.0999999999999999
2399,1,1,0.9
2400,0,1,0.9
2401,0,0,0.0999999999999999
2402,0,0,0.0999999999999999
2403,0,0,0.0999999999999999
2404,0,1,0.9
2405,0,0,0.0999999999999999
2406,0,0,0.0999999999999999
2407,0,0,0.0999999999999999
2408,0,0,0.0999999999999999
2409,0,0,0.0999999999999999
2410,0,1,0.9
2411,1,1,0.9
2412,0,0,0.0999999999999999
2413,0,0,0.0999999999999999
2414,0,1,0.9
2415,0,0,0.0999999999999999
2416,0,0,0.0999999999999999
2417,0,0,0.0999999999999999
2418,0,0,0.0999999999999999
2419,0,0,0.0999999999999999
2420,0,1,0.9
2421,0,0,0.0999999999999999
2422,0,0,0.0999999999999999
2423,0,0,0.0999999999999999
2424,0,1,0.9
2425,0,0,0.0999999999999999
2426,0,0,0.0999999999999999
2427,0,0,0.0999999999999999
2428,0,0,0.0999999999999999
2429,1,1,0.9
2430,0,0,0.0999999999999999
2431,0,0,0.0999999999999999
2432,1,0,0.0999999999999999
2433,0,0,0.0999999999999999
2434,0,0,0.0999999999999999
2435,0,0,0.0999999999999999
2436,0,0,0.0999999999999999
2437,0,0,0.0999999999999999
2438,0,0,0.0999999999999999
2439,1,0,0.0999999999999999
2440,0,0,0.0999999999999999
2441,0,0,0.0999999999999999
2442,0,0,0.0999999999999999
2443,0,0,0.0999999999999999
2444,1,1,0.9
2445,0,0,0.0999999999999999
2446,0,0,0.0999999999999999
2447,0,0,0.0999999999999999
2448,0,0,0.0999999999999999
2449,1,0,0.0999999999999999
2450,0,1,0.9
2451,1,1,0.9
2452,1,0,0.0999999999999999
2453,1,0,0.0999999999999999
2454,0,0,0.0999999999999999
2455,0,0,0.0999999999999999
2456,0,0,0.0999999999999999
2457,0,0,0.0999999999999999
2458,0,0,0.0999999999999999
2459,0,0,0.0999999999999999
2460,0,0,0.0999999999999999
2461,1,1,0.9
2462,0,0,0.0999999999999999
2463,0,0,0.0999999999999999
2464,0,0,0.0999999999999999
2465,0,0,0.0999999999999999
2466,0,1,0.9
2467,0,0,0.0999999999999999
2468,0,0,0.0999999999999999
2469,0,0,0.0999999999999999
2470,0,0,0.0999999999999999
2471,0,1,0.9
2472,0,0,0.0999999999999999
2473,1,1,0.9
2474,0,0,0.0999999999999999
2475,0,1,0.9
2476,0,1,0.5
2477,0,1,0.9
2478,0,0,0.0999999999999999
2479,0,0,0.0999999999999999
2480,0,0,0.0999999999999999
2481,1,0,0.0999999999999999
2482,0,1,0.5
2483,0,0,0.0999999999999999
2484,0,0,0.0999999999999999
2485,0,1,0.9
2486,0,1,0.5
2487,0,1,0.5
2488,0,1,0.5
2489,0,1,0.5
2490,0,1,0.5
2491,0,1,0.5
2492,0,1,0.5
2493,0,1,0.5
2494,0,1,0.5
2495,1,0,0.0999999999999999
2496,0,0,0.0999999999999999
2497,0,0,0.0999999999999999
2498,0,0,0.0999999999999999
2499,0,1,0.9
2500,0,0,0.0999999999999999
2501,0,1,0.5
2502,0,0,0.0999999999999999
2503,0,0,0.0999999999999999
2504,0,1,0.5
2505,0,1,0.5
2506,0,1,0.5
2507,0,1,0.5
2508,0,1,0.5
2509,0,1,0.5
2510,0,1,0.5
2511,0,1,0.5
2512,0,1,0.5
2513,0,1,0.5
2514,0,1,0.5
2515,1,1,0.5
2516,0,1,0.5
2517,0,1,0.5
2518,0,1,0.5
2519,0,1,0.5
2520,0,0,0.0999999999999999
2521,0,0,0.0999999999999999
2522,0,1,0.9
2523,0,0,0.0999999999999999
2524,0,0,0.0999999999999999
2525,0,1,0.9
2526,0,1,0.5
2527,0,0,0.0999999999999999
2528,0,0,0.0999999999999999
2529,0,1,0.5
2530,1,1,0.5
2531,1,1,0.5
2532,0,1,0.5
2533,1,1,0.5
2534,0,1,0.5
2535,0,1,0.5
2536,0,1,0.5
2537,0,1,0.5
2538,1,1,0.5
2539,0,1,0.5
2540,0,1,0.5
2541,0,1,0.5
2542,0,1,0.5
2543,0,1,0.5
2544,1,1,0.5
2545,0,0,0.0999999999999999
2546,0,0,0.0999999999999999
2547,0,0,0.0999999999999999
2548,0,0,0.0999999999999999
2549,1,0,0.0999999999999999
2550,0,0,0.0999999999999999
2551,0,0,0.0999999999999999
2552,0,0,0.0999999999999999
2553,0,1,0.5
2554,0,1,0.5
2555,0,1,0.5
2556,1,1,0.5
2557,0,1,0.5
2558,0,1,0.5
2559,0,1,0.5
2560,0,1,0.5
2561,0,1,0.5
2562,1,1,0.5
2563,0,1,0.5
2564,0,1,0.5
2565,0,1,0.5
2566,1,1,0.5
2567,0,1,0.5
2568,0,1,0.5
2569,0,1,0.5
2570,0,0,0.0999999999999999
2571,0,0,0.0999999999999999
2572,0,0,0.0999999999999999
2573,1,0,0.0999999999999999
2574,0,0,0.0999999999999999
2575,0,0,0.0999999999999999
2576,0,1,0.5
2577,0,0,0.0999999999999999
2578,0,1,0.9
2579,0,1,0.5
2580,0,1,0.5
2581,0,1,0.5
2582,0,1,0.5
2583,1,1,0.5
2584,1,1,0.5
2585,0,1,0.5
2586,0,1,0.5
2587,0,1,0.5
2588,0,1,0.5
2589,0,1,0.5
2590,0,1,0.5
2591,0,1,0.5
2592,0,1,0.5
2593,0,1,0.5
2594,0,1,0.5
2595,0,0,0.0999999999999999
2596,1,0,0.0999999999999999
2597,0,0,0.0999999999999999
2598,0,0,0.0999999999999999
2599,0,0,0.0999999999999999
2600,0,0,0.0999999999999999
2601,1,1,0.9
2602,1,1,0.5
2603,0,0,0.0999999999999999
2604,0,1,0.5
2605,1,1,0.5
2606,0,1,0.5
2607,1,1,0.5
2608,0,1,0.5
2609,1,1,0.5
2610,0,1,0.5
2611,1,1,0.5
2612,1,1,0.5
2613,1,1,0.5
2614,0,1,0.5
2615,0,1,0.5
2616,1,1,0.5
2617,1,1,0.5
2618,1,1,0.5
2619,0,1,0.5
2620,1,1,0.9
2621,1,1,0.9
2622,0,1,0.9
2623,0,1,0.9
2624,0,0,0.0999999999999999
2625,0,0,0.0999999999999999
2626,0,0,0.0999999999999999
2627,0,1,0.5
2628,0,0,0.0999999999999999
2629,0,1,0.5
2630,0,1,0.5
2631,0,1,0.5
2632,0,1,0.5
2633,0,1,0.5
2634,0,1,0.5
2635,0,1,0.5
2636,0,1,0.5
2637,0,1,0.5
2638,0,1,0.5
2639,0,1,0.5
2640,0,1,0.5
2641,0,1,0.5
2642,1,1,0.5
2643,0,1,0.5
2644,0,1,0.5
2645,0,0,0.0999999999999999
2646,0,0,0.0999999999999999
2647,0,1,0.9
2648,0,0,0.0999999999999999
2649,0,0,0.0999999999999999
2650,0,0,0.0999999999999999
2651,0,1,0.5
2652,0,0,0.0999999999999999
2653,0,0,0.0999999999999999
2654,0,1,0.5
2655,0,1,0.5
2656,0,1,0.5
2657,0,1,0.5
2658,0,0,0.0999999999999999
2659,0,1,0.5
2660,1,1,0.5
2661,0,1,0.5
2662,0,1,0.5
2663,0,1,0.5
2664,0,1,0.5
2665,0,1,0.5
2666,0,1,0.5
2667,1,1,0.5
2668,0,1,0.5
2669,0,1,0.5
2670,0,0,0.0999999999999999
2671,0,0,0.0999999999999999
2672,0,0,0.0999999999999999
2673,0,0,0.0999999999999999
2674,0,0,0.0999999999999999
2675,0,0,0.0999999999999999
2676,0,0,0.0999999999999999
2677,0,1,0.5
2678,1,1,0.9
2679,0,1,0.5
2680,0,1,0.5
2681,0,1,0.5
2682,0,1,0.5
2683,0,1,0.5
2684,0,1,0.5
2685,0,1,0.5
2686,1,1,0.5
2687,0,1,0.5
2688,0,1,0.5
2689,0,1,0.5
2690,1,1,0.5
2691,0,1,0.5
2692,0,1,0.5
2693,0,1,0.5
2694,0,1,0.5
2695,0,0,0.0999999999999999
2696,0,0,0.0999999999999999
2697,0,0,0.0999999999999999
2698,1,0,0.0999999999999999
2699,0,0,0.0999999999999999
2700,0,1,0.9
2701,1,0,0.09999999999999998
2702,0,0,0.09999999999999998
2703,0,0,0.09999999999999998
2704,0,0,0.09999999999999998
2705,0,0,0.09999999999999998
2706,1,1,0.9
2707,0,1,0.9
2708,0,0,0.09999999999999998
2709,0,0,0.09999999999999998
2710,1,0,0.09999999999999998
2711,0,0,0.09999999999999998
2712,0,0,0.09999999999999998
2713,0,0,0.09999999999999998
2714,0,0,0.09999999999999998
2715,0,0,0.09999999999999998
2716,0,1,0.9
2717,0,0,0.09999999999999998
2718,0,0,0.09999999999999998
2719,0,0,0.09999999999999998
2720,0,0,0.09999999999999998
2721,0,0,0.09999999999999998
2722,0,0,0.09999999999999998
2723,1,1,0.9
2724,0,0,0.09999999999999998
2725,1,0,0.09999999999999998
2726,0,0,0.09999999999999998
2727,0,0,0.09999999999999998
2728,0,0,0.09999999999999998
2729,1,1,0.9
2730,0,0,0.09999999999999998
2731,0,0,0.09999999999999998
2732,1,0,0.09999999999999998
2733,0,0,0.09999999999999998
2734,1,1,0.9
2735,0,0,0.09999999999999998
2736,0,0,0.09999999999999998
2737,0,1,0.9
2738,0,0,0.09999999999999998
2739,0,0,0.09999999999999998
2740,0,0,0.09999999999999998
2741,0,0,0.09999999999999998
2742,0,1,0.9
2743,0,1,0.9
2744,1,0,0.09999999999999998
2745,0,0,0.09999999999999998
2746,0,1,0.9
2747,0,0,0.09999999999999998
2748,0,0,0.09999999999999998
2749,0,0,0.09999999999999998
2750,0,0,0.09999999999999998
2751,1,1,0.9
2752,0,1,0.9
2753,0,0,0.09999999999999998
2754,0,0,0.09999999999999998
2755,0,0,0.09999999999999998
2756,0,0,0.09999999999999998
2757,0,0,0.09999999999999998
2758,0,0,0.09999999999999998
2759,0,0,0.09999999999999998
2760,0,0,0.09999999999999998
2761,0,1,0.9
2762,0,0,0.09999999999999998
2763,0,0,0.09999999999999998
2764,0,0,0.09999999999999998
2765,0,0,0.09999999999999998
2766,0,1,0.9
2767,0,0,0.09999999999999998
2768,1,0,0.09999999999999998
2769,0,0,0.09999999999999998
2770,0,0,0.09999999999999998
2771,0,0,0.09999999999999998
2772,0,0,0.09999999999999998
2773,1,0,0.09999999999999998
2774,0,0,0.09999999999999998
2775,0,0,0.09999999999999998
2776,0,0,0.09999999999999998
2777,0,0,0.09999999999999998
2778,0,0,0.09999999999999998
2779,0,0,0.09999999999999998
2780,0,0,0.09999999999999998
2781,0,1,0.9
2782,0,0,0.09999999999999998
2783,0,1,0.9
2784,0,0,0.09999999999999998
2785,0,0,0.09999999999999998
2786,0,0,0.09999999999999998
2787,0,0,0.09999999999999998
2788,0,1,0.9
2789,0,0,0.09999999999999998
2790,0,0,0.09999999999999998
2791,0,0,0.09999999999999998
2792,0,0,0.09999999999999998
2793,0,0,0.09999999999999998
2794,0,0,0.09999999999999998
2795,0,0,0.09999999999999998
2796,0,0,0.09999999999999998
2797,0,0,0.09999999999999998
2798,1,0,0.09999999999999998
2799,0,0,0.09999999999999998
2800,0,0,0.09999999999999998
2801,0,0,0.09999999999999998
2802,0,0,0.09999999999999998
2803,0,0,0.09999999999999998
2804,0,0,0.09999999999999998
2805,0,0,0.09999999999999998
2806,0,0,0.09999999999999998
2807,0,1,0.9
2808,0,0,0.09999999999999998
2809,0,0,0.09999999999999998
2810,0,0,0.09999999999999998
2811,0,0,0.09999999999999998
2812,0,0,0.09999999999999998
2813,0,0,0.09999999999999998
2814,0,0,0.09999999999999998
2815,0,1,0.9
2816,0,1,0.9
2817,0,0,0.09999999999999998
2818,0,0,0.09999999999999998
2819,0,0,0.09999999999999998
2820,0,0,0.09999999999999998
2821,0,0,0.09999999999999998
2822,0,0,0.09999999999999998
2823,0,1,0.9
2824,0,1,0.9
2825,1,1,0.9
2826,0,0,0.09999999999999998
2827,0,0,0.09999999999999998
2828,1,1,0.9
2829,1,0,0.09999999999999998
2830,0,0,0.09999999999999998
2831,0,0,0.09999999999999998
2832,0,0,0.09999999999999998
2833,0,0,0.09999999999999998
2834,0,0,0.09999999999999998
2835,0,0,0.09999999999999998
2836,0,0,0.09999999999999998
2837,0,0,0.09999999999999998
2838,0,0,0.09999999999999998
2839,0,0,0.09999999999999998
2840,1,0,0.09999999999999998
2841,0,0,0.09999999999999998
2842,0,0,0.09999999999999998
2843,0,0,0.09999999999999998
2844,0,0,0.09999999999999998
2845,0,0,0.09999999999999998
2846,0,0,0.09999999999999998
2847,0,0,0.09999999999999998
2848,0,0,0.09999999999999998
2849,1,1,0.9
2850,0,0,0.09999999999999998
2851,0,0,0.09999999999999998
2852,0,0,0.09999999999999998
2853,0,0,0.09999999999999998
2854,0,0,0.09999999999999998
2855,0,0,0.09999999999999998
2856,0,0,0.09999999999999998
2857,0,0,0.09999999999999998
2858,1,0,0.09999999999999998
2859,0,1,0.9
2860,0,1,0.9
2861,0,0,0.09999999999999998
2862,1,1,0.9
2863,0,1,0.9
2864,0,1,0.9
2865,1,1,0.9
2866,0,0,0.09999999999999998
2867,0,0,0.09999999999999998
2868,1,1,0.9
2869,0,0,0.09999999999999998
2870,0,0,0.09999999999999998
2871,0,0,0.09999999999999998
2872,0,0,0.09999999999999998
2873,0,0,0.09999999999999998
2874,0,0,0.09999999999999998
2875,0,0,0.09999999999999998
2876,0,1,0.9
2877,1,1,0.9
2878,0,0,0.09999999999999998
2879,0,0,0.09999999999999998
2880,0,0,0.09999999999999998
2881,0,0,0.09999999999999998
2882,0,1,0.9
2883,0,0,0.09999999999999998
2884,0,0,0.09999999999999998
2885,0,0,0.09999999999999998
2886,0,0,0.09999999999999998
2887,0,1,0.9
2888,0,0,0.09999999999999998
2889,0,0,0.09999999999999998
2890,0,0,0.09999999999999998
2891,1,1,0.9
2892,0,0,0.09999999999999998
2893,0,0,0.09999999999999998
2894,0,0,0.09999999999999998
2895,0,0,0.09999999999999998
2896,0,0,0.09999999999999998
2897,0,0,0.09999999999999998
2898,0,0,0.09999999999999998
2899,0,0,0.09999999999999998
2900,1,1,0.9
2901,0,0,0.09999999999999998
2902,0,0,0.09999999999999998
2903,0,0,0.09999999999999998
2904,0,0,0.09999999999999998
2905,0,0,0.09999999999999998
2906,0,0,0.09999999999999998
2907,1,0,0.09999999999999998
2908,0,0,0.09999999999999998
2909,0,0,0.09999999999999998
2910,0,0,0.09999999999999998
2911,0,0,0.09999999999999998
2912,0,0,0.09999999999999998
2913,0,0,0.09999999999999998
2914,0,0,0.09999999999999998
2915,0,0,0.09999999999999998
2916,1,1,0.9
2917,0,1,0.9
2918,1,1,0.9
2919,0,0,0.09999999999999998
2920,0,0,0.09999999999999998
2921,1,1,0.9
2922,0,0,0.09999999999999998
2923,0,0,0.09999999999999998
2924,0,0,0.09999999999999998
2925,1,0,0.09999999999999998
2926,0,0,0.09999999999999998
2927,0,0,0.09999999999999998
2928,1,1,0.9
2929,0,1,0.9
2930,0,0,0.09999999999999998
2931,0,0,0.09999999999999998
2932,0,1,0.9
2933,1,1,0.9
2934,0,0,0.09999999999999998
2935,0,0,0.09999999999999998
2936,0,1,0.9
2937,0,1,0.9
2938,1,0,0.09999999999999998
2939,0,0,0.09999999999999998
2940,0,0,0.09999999999999998
2941,0,0,0.09999999999999998
2942,0,0,0.09999999999999998
2943,0,0,0.09999999999999998
2944,1,1,0.9
2945,1,0,0.09999999999999998
2946,0,0,0.09999999999999998
2947,0,0,0.09999999999999998
2948,1,1,0.9
2949,0,0,0.09999999999999998
2950,0,0,0.09999999999999998
2951,0,0,0.09999999999999998
2952,1,1,0.9
2953,0,0,0.09999999999999998
2954,0,1,0.9
2955,1,0,0.09999999999999998
2956,0,0,0.09999999999999998
2957,0,0,0.09999999999999998
2958,0,0,0.09999999999999998
2959,0,0,0.09999999999999998
2960,0,0,0.09999999999999998
2961,0,0,0.09999999999999998
2962,1,1,0.9
2963,0,0,0.09999999999999998
2964,1,0,0.09999999999999998
2965,0,0,0.09999999999999998
2966,0,0,0.09999999999999998
2967,1,0,0.09999999999999998
2968,0,1,0.9
2969,1,0,0.09999999999999998
2970,1,0,0.09999999999999998
2971,1,0,0.09999999999999998
2972,1,1,0.9
2973,0,0,0.09999999999999998
2974,0,0,0.09999999999999998
2975,0,1,0.9
2976,0,0,0.09999999999999998
2977,0,0,0.09999999999999998
2978,1,0,0.09999999999999998
2979,0,0,0.09999999999999998
2980,0,0,0.09999999999999998
2981,0,0,0.09999999999999998
2982,0,0,0.09999999999999998
2983,1,0,0.09999999999999998
2984,0,0,0.09999999999999998
2985,0,0,0.09999999999999998
2986,0,0,0.09999999999999998
2987,0,0,0.09999999999999998
2988,0,0,0.09999999999999998
2989,0,0,0.09999999999999998
2990,0,0,0.09999999999999998
2991,1,1,0.9
2992,0,0,0.09999999999999998
2993,1,0,0.09999999999999998
2994,0,0,0.09999999999999998
2995,0,0,0.09999999999999998
2996,0,0,0.09999999999999998
2997,0,0,0.09999999999999998
2998,0,0,0.09999999999999998
2999,0,0,0.09999999999999998
